ID,Lieu mentionné,Latitude,Longitude,Renvoi dans lettre no
#11133,Dijon,47.322047,5.04148,1858_04
#12041,"Francfort sur le Main, Kunstverein",50.110757,8.6827927,1858_05
#12041,"Francfort sur le Main, Kunstverein",50.110757,8.6827927,1859_02
#12041,"Francfort sur le Main, Kunstverein",50.110757,8.6827927,1883_04
#12041,"Francfort sur le Main, Kunstverein",50.110757,8.6827927,1898_07
#11692,"Paris, galerie Pourtalès",48.8609475,2.3628411,1859_01
#11692,"Paris, galerie Pourtalès",48.8609475,2.3628411,1859_03
#8635,"Paris, galerie Lacaze",48.8713582,2.3162755,1860_01
#8635,"Paris, galerie Lacaze",48.8713582,2.3162755,1866_01
#8635,"Paris, galerie Lacaze",48.8713582,2.3162755,1869_02
#11734,"Cassel, Gemäldegalerie Alte Meister",51.3148034,9.4163527,1865_01
#11742,"Bruxelles, Exposition générale des Beaux-Arts",50.843776,4.3597967,1865_03
#11742,"Bruxelles, Exposition générale des Beaux-Arts",50.843776,4.3597967,1865_04
#11742,"Bruxelles, Exposition générale des Beaux-Arts",50.843776,4.3597967,1875_11
#11742,"Bruxelles, Exposition générale des Beaux-Arts",50.843776,4.3597967,1878_14
#8633,"Gand, Exposition nationale",51.0379812,3.7242286,1865_11
#8633,"Gand, Exposition nationale",51.0379812,3.7242286,1865_12
#8633,"Gand, Exposition nationale",51.0379812,3.7242286,1865_13
#8634,"Gand, Salon triennal",51.0443707,3.7243896,1865_11
#8634,"Gand, Salon triennal",51.0443707,3.7243896,1865_12
#8634,"Gand, Salon triennal",51.0443707,3.7243896,1865_13
#8634,"Gand, Salon triennal",51.0443707,3.7243896,1877_06
#8634,"Gand, Salon triennal",51.0443707,3.7243896,1877_08
#8634,"Gand, Salon triennal",51.0443707,3.7243896,1883_01
#11345,"Paris, Exposition Universelle, 1867",48.856614,2.3522219,1865_15
#11345,"Paris, Exposition Universelle, 1867",48.856614,2.3522219,1867_01
#11345,"Paris, Exposition Universelle, 1867",48.856614,2.3522219,1867_03
#8770,Zons-sur-le-Rhin,48.0209815,7.5782626,1867_03
#9775,Vienne,45.525587,4.874339,1865_01
#9775,Vienne,45.525587,4.874339,1867_03
#9506,Karlsruhe,49.0068901,8.4036527,1867_03
#9506,Karlsruhe,49.0068901,8.4036527,1900_03
#9665,Düsseldorf,51.2277411,6.7734556,1865_16
#9665,Düsseldorf,51.2277411,6.7734556,1866_01
#9665,Düsseldorf,51.2277411,6.7734556,1866_02
#9665,Düsseldorf,51.2277411,6.7734556,1867_01
#9665,Düsseldorf,51.2277411,6.7734556,1867_02
#9665,Düsseldorf,51.2277411,6.7734556,1867_03
#9665,Düsseldorf,51.2277411,6.7734556,1868_01
#9665,Düsseldorf,51.2277411,6.7734556,1871_02
#9665,Düsseldorf,51.2277411,6.7734556,1875_15
#11206,"Bruxelles, Salon",50.8370901,4.3724313,1869_01
#11320,"Munich, Exposition internationale, 1869",48.1351253,11.5819805,1869_01
#13724,"Paris, Musée du Louvre",48.8606111,2.337644,1858_05
#13724,"Paris, Musée du Louvre",48.8606111,2.337644,1859_03
#13724,"Paris, Musée du Louvre",48.8606111,2.337644,1860_01
#13724,"Paris, Musée du Louvre",48.8606111,2.337644,1863_01
#13724,"Paris, Musée du Louvre",48.8606111,2.337644,1865_02
#13724,"Paris, Musée du Louvre",48.8606111,2.337644,1865_03
#13724,"Paris, Musée du Louvre",48.8606111,2.337644,1865_16
#13724,"Paris, Musée du Louvre",48.8606111,2.337644,1869_01
#13724,"Paris, Musée du Louvre",48.8606111,2.337644,1869_02
#13724,"Paris, Musée du Louvre",48.8606111,2.337644,1871_08
#13724,"Paris, Musée du Louvre",48.8606111,2.337644,1871_09
#13724,"Paris, Musée du Louvre",48.8606111,2.337644,1875_04
#13724,"Paris, Musée du Louvre",48.8606111,2.337644,1875_14
#13724,"Paris, Musée du Louvre",48.8606111,2.337644,1875_15
#13724,"Paris, Musée du Louvre",48.8606111,2.337644,1876_04
#13724,"Paris, Musée du Louvre",48.8606111,2.337644,1876_07
#13724,"Paris, Musée du Louvre",48.8606111,2.337644,1878_03
#13724,"Paris, Musée du Louvre",48.8606111,2.337644,1879_04
#13724,"Paris, Musée du Louvre",48.8606111,2.337644,1879_11
#13724,"Paris, Musée du Louvre",48.8606111,2.337644,1887_08
#13724,"Paris, Musée du Louvre",48.8606111,2.337644,1896_10
#13724,"Paris, Musée du Louvre",48.8606111,2.337644,1896_11
#13724,"Paris, Musée du Louvre",48.8606111,2.337644,1896_12
#11985,Kronberg im Taunus,50.1826861,8.5201703,1859_03
#11985,Kronberg im Taunus,50.1826861,8.5201703,1862_02
#11985,Kronberg im Taunus,50.1826861,8.5201703,1865_10
#11985,Kronberg im Taunus,50.1826861,8.5201703,1865_16
#11985,Kronberg im Taunus,50.1826861,8.5201703,1869_01
#11985,Kronberg im Taunus,50.1826861,8.5201703,1874_01
#11985,Kronberg im Taunus,50.1826861,8.5201703,1881_12
#11985,Kronberg im Taunus,50.1826861,8.5201703,1886_06
#11985,Kronberg im Taunus,50.1826861,8.5201703,1896_11
#11985,Kronberg im Taunus,50.1826861,8.5201703,1899_05
#11985,Kronberg im Taunus,50.1826861,8.5201703,1900_04
#11985,Kronberg im Taunus,50.1826861,8.5201703,1901_02
#11985,Kronberg im Taunus,50.1826861,8.5201703,1901_03
#11985,Kronberg im Taunus,50.1826861,8.5201703,1901_04
#11985,Kronberg im Taunus,50.1826861,8.5201703,1901_05
#8815,Londres,51.5072178,-0.1275862,1859_03
#8815,Londres,51.5072178,-0.1275862,1863_01
#8815,Londres,51.5072178,-0.1275862,1865_01
#8815,Londres,51.5072178,-0.1275862,1865_02
#8815,Londres,51.5072178,-0.1275862,1865_16
#8815,Londres,51.5072178,-0.1275862,1866_01
#8815,Londres,51.5072178,-0.1275862,1869_01
#8815,Londres,51.5072178,-0.1275862,1871_01
#8815,Londres,51.5072178,-0.1275862,1871_02
#8815,Londres,51.5072178,-0.1275862,1871_03
#8815,Londres,51.5072178,-0.1275862,1871_04
#8815,Londres,51.5072178,-0.1275862,1871_05
#8815,Londres,51.5072178,-0.1275862,1871_06
#8815,Londres,51.5072178,-0.1275862,1871_07
#8815,Londres,51.5072178,-0.1275862,1871_08
#8815,Londres,51.5072178,-0.1275862,1872_01
#8815,Londres,51.5072178,-0.1275862,1872_02
#8815,Londres,51.5072178,-0.1275862,1872_03
#8815,Londres,51.5072178,-0.1275862,1872_04
#8815,Londres,51.5072178,-0.1275862,1873_01
#8815,Londres,51.5072178,-0.1275862,1873_04
#8815,Londres,51.5072178,-0.1275862,1873_05
#8815,Londres,51.5072178,-0.1275862,1874_01
#8815,Londres,51.5072178,-0.1275862,1874_02
#8815,Londres,51.5072178,-0.1275862,1874_03
#8815,Londres,51.5072178,-0.1275862,1874_05
#8815,Londres,51.5072178,-0.1275862,1874_07
#8815,Londres,51.5072178,-0.1275862,1875_02
#8815,Londres,51.5072178,-0.1275862,1875_04
#8815,Londres,51.5072178,-0.1275862,1875_10
#8815,Londres,51.5072178,-0.1275862,1875_11
#8815,Londres,51.5072178,-0.1275862,1875_12
#8815,Londres,51.5072178,-0.1275862,1875_15
#8815,Londres,51.5072178,-0.1275862,1875_16
#8815,Londres,51.5072178,-0.1275862,1875_17
#8815,Londres,51.5072178,-0.1275862,1875_18
#8815,Londres,51.5072178,-0.1275862,1876_03
#8815,Londres,51.5072178,-0.1275862,1876_04
#8815,Londres,51.5072178,-0.1275862,1876_06
#8815,Londres,51.5072178,-0.1275862,1876_16
#8815,Londres,51.5072178,-0.1275862,1876_17
#8815,Londres,51.5072178,-0.1275862,1877_01
#8815,Londres,51.5072178,-0.1275862,1877_04
#8815,Londres,51.5072178,-0.1275862,1877_06
#8815,Londres,51.5072178,-0.1275862,1877_09
#8815,Londres,51.5072178,-0.1275862,1878_01
#8815,Londres,51.5072178,-0.1275862,1878_02
#8815,Londres,51.5072178,-0.1275862,1878_03
#8815,Londres,51.5072178,-0.1275862,1878_05
#8815,Londres,51.5072178,-0.1275862,1878_06
#8815,Londres,51.5072178,-0.1275862,1878_07
#8815,Londres,51.5072178,-0.1275862,1878_08
#8815,Londres,51.5072178,-0.1275862,1878_12
#8815,Londres,51.5072178,-0.1275862,1878_16
#8815,Londres,51.5072178,-0.1275862,1879_05
#8815,Londres,51.5072178,-0.1275862,1879_08
#8815,Londres,51.5072178,-0.1275862,1879_09
#8815,Londres,51.5072178,-0.1275862,1879_11
#8815,Londres,51.5072178,-0.1275862,1879_13
#8815,Londres,51.5072178,-0.1275862,1879_14
#8815,Londres,51.5072178,-0.1275862,1879_15
#8815,Londres,51.5072178,-0.1275862,1879_21
#8815,Londres,51.5072178,-0.1275862,1879_22
#8815,Londres,51.5072178,-0.1275862,1880_08
#8815,Londres,51.5072178,-0.1275862,1880_09
#8815,Londres,51.5072178,-0.1275862,1880_10
#8815,Londres,51.5072178,-0.1275862,1880_15
#8815,Londres,51.5072178,-0.1275862,1880_17
#8815,Londres,51.5072178,-0.1275862,1881_03
#8815,Londres,51.5072178,-0.1275862,1881_05
#8815,Londres,51.5072178,-0.1275862,1882_06
#8815,Londres,51.5072178,-0.1275862,1883_04
#8815,Londres,51.5072178,-0.1275862,1884_08
#8815,Londres,51.5072178,-0.1275862,1884_09
#8815,Londres,51.5072178,-0.1275862,1884_10
#8815,Londres,51.5072178,-0.1275862,1886_03
#8815,Londres,51.5072178,-0.1275862,1886_04
#8815,Londres,51.5072178,-0.1275862,1886_06
#8815,Londres,51.5072178,-0.1275862,1888_01
#8815,Londres,51.5072178,-0.1275862,1888_06
#8815,Londres,51.5072178,-0.1275862,1890_01
#8815,Londres,51.5072178,-0.1275862,1890_03
#8815,Londres,51.5072178,-0.1275862,1890_04
#8815,Londres,51.5072178,-0.1275862,1891_02
#8815,Londres,51.5072178,-0.1275862,1892_02
#8815,Londres,51.5072178,-0.1275862,1894_01
#8815,Londres,51.5072178,-0.1275862,1894_02
#8815,Londres,51.5072178,-0.1275862,1896_03
#8815,Londres,51.5072178,-0.1275862,1896_07
#8815,Londres,51.5072178,-0.1275862,1896_08
#8815,Londres,51.5072178,-0.1275862,1896_09
#8815,Londres,51.5072178,-0.1275862,1897_01
#8815,Londres,51.5072178,-0.1275862,1898_05
#8815,Londres,51.5072178,-0.1275862,1898_07
#8815,Londres,51.5072178,-0.1275862,1899_05
#9645,Francfort-sur-le-Main,50.1109221,8.6821267,1858_02
#9645,Francfort-sur-le-Main,50.1109221,8.6821267,1858_03
#9645,Francfort-sur-le-Main,50.1109221,8.6821267,1858_04
#9645,Francfort-sur-le-Main,50.1109221,8.6821267,1858_05
#9645,Francfort-sur-le-Main,50.1109221,8.6821267,1859_01
#9645,Francfort-sur-le-Main,50.1109221,8.6821267,1859_02
#9645,Francfort-sur-le-Main,50.1109221,8.6821267,1859_03
#9645,Francfort-sur-le-Main,50.1109221,8.6821267,1862_01
#9645,Francfort-sur-le-Main,50.1109221,8.6821267,1862_02
#9645,Francfort-sur-le-Main,50.1109221,8.6821267,1863_01
#9645,Francfort-sur-le-Main,50.1109221,8.6821267,1865_01
#9645,Francfort-sur-le-Main,50.1109221,8.6821267,1865_02
#9645,Francfort-sur-le-Main,50.1109221,8.6821267,1865_05
#9645,Francfort-sur-le-Main,50.1109221,8.6821267,1865_07
#9645,Francfort-sur-le-Main,50.1109221,8.6821267,1865_10
#9645,Francfort-sur-le-Main,50.1109221,8.6821267,1865_12
#9645,Francfort-sur-le-Main,50.1109221,8.6821267,1865_15
#9645,Francfort-sur-le-Main,50.1109221,8.6821267,1865_16
#9645,Francfort-sur-le-Main,50.1109221,8.6821267,1866_01
#9645,Francfort-sur-le-Main,50.1109221,8.6821267,1866_02
#9645,Francfort-sur-le-Main,50.1109221,8.6821267,1869_01
#9645,Francfort-sur-le-Main,50.1109221,8.6821267,1869_02
#9645,Francfort-sur-le-Main,50.1109221,8.6821267,1870_03
#9645,Francfort-sur-le-Main,50.1109221,8.6821267,1874_01
#9645,Francfort-sur-le-Main,50.1109221,8.6821267,1874_02
#9645,Francfort-sur-le-Main,50.1109221,8.6821267,1874_03
#9645,Francfort-sur-le-Main,50.1109221,8.6821267,1875_13
#9645,Francfort-sur-le-Main,50.1109221,8.6821267,1875_16
#9645,Francfort-sur-le-Main,50.1109221,8.6821267,1875_18
#9645,Francfort-sur-le-Main,50.1109221,8.6821267,1876_01
#9645,Francfort-sur-le-Main,50.1109221,8.6821267,1876_13
#9645,Francfort-sur-le-Main,50.1109221,8.6821267,1876_14
#9645,Francfort-sur-le-Main,50.1109221,8.6821267,1877_07
#9645,Francfort-sur-le-Main,50.1109221,8.6821267,1878_01
#9645,Francfort-sur-le-Main,50.1109221,8.6821267,1878_13
#9645,Francfort-sur-le-Main,50.1109221,8.6821267,1878_14
#9645,Francfort-sur-le-Main,50.1109221,8.6821267,1878_15
#9645,Francfort-sur-le-Main,50.1109221,8.6821267,1878_16
#9645,Francfort-sur-le-Main,50.1109221,8.6821267,1878_17
#9645,Francfort-sur-le-Main,50.1109221,8.6821267,1878_18
#9645,Francfort-sur-le-Main,50.1109221,8.6821267,1878_19
#9645,Francfort-sur-le-Main,50.1109221,8.6821267,1879_01
#9645,Francfort-sur-le-Main,50.1109221,8.6821267,1879_02
#9645,Francfort-sur-le-Main,50.1109221,8.6821267,1879_04
#9645,Francfort-sur-le-Main,50.1109221,8.6821267,1879_05
#9645,Francfort-sur-le-Main,50.1109221,8.6821267,1879_07
#9645,Francfort-sur-le-Main,50.1109221,8.6821267,1879_10
#9645,Francfort-sur-le-Main,50.1109221,8.6821267,1880_04
#9645,Francfort-sur-le-Main,50.1109221,8.6821267,1880_16
#9645,Francfort-sur-le-Main,50.1109221,8.6821267,1881_10
#9645,Francfort-sur-le-Main,50.1109221,8.6821267,1883_04
#9645,Francfort-sur-le-Main,50.1109221,8.6821267,1886_06
#9645,Francfort-sur-le-Main,50.1109221,8.6821267,1887_01
#9645,Francfort-sur-le-Main,50.1109221,8.6821267,1887_02
#9645,Francfort-sur-le-Main,50.1109221,8.6821267,1887_03
#9645,Francfort-sur-le-Main,50.1109221,8.6821267,1887_04
#9645,Francfort-sur-le-Main,50.1109221,8.6821267,1887_05
#9645,Francfort-sur-le-Main,50.1109221,8.6821267,1888_01
#9645,Francfort-sur-le-Main,50.1109221,8.6821267,1892_02
#9645,Francfort-sur-le-Main,50.1109221,8.6821267,1892_03
#9645,Francfort-sur-le-Main,50.1109221,8.6821267,1892_04
#9645,Francfort-sur-le-Main,50.1109221,8.6821267,1894_02
#9645,Francfort-sur-le-Main,50.1109221,8.6821267,1894_06
#9645,Francfort-sur-le-Main,50.1109221,8.6821267,1897_01
#9645,Francfort-sur-le-Main,50.1109221,8.6821267,1899_03
#9645,Francfort-sur-le-Main,50.1109221,8.6821267,1899_04
#9645,Francfort-sur-le-Main,50.1109221,8.6821267,1901_01
#9645,Francfort-sur-le-Main,50.1109221,8.6821267,1901_02
#9645,Francfort-sur-le-Main,50.1109221,8.6821267,1901_05
#11741,"Paris, Salon",36.0601613,-95.8676899,1858_04
#11741,"Paris, Salon",36.0601613,-95.8676899,1858_05
#11741,"Paris, Salon",36.0601613,-95.8676899,1859_01
#11741,"Paris, Salon",36.0601613,-95.8676899,1859_02
#11741,"Paris, Salon",36.0601613,-95.8676899,1862_01
#11741,"Paris, Salon",36.0601613,-95.8676899,1863_01
#11741,"Paris, Salon",36.0601613,-95.8676899,1865_02
#11741,"Paris, Salon",36.0601613,-95.8676899,1865_03
#11741,"Paris, Salon",36.0601613,-95.8676899,1865_07
#11741,"Paris, Salon",36.0601613,-95.8676899,1865_08
#11741,"Paris, Salon",36.0601613,-95.8676899,1865_12
#11741,"Paris, Salon",36.0601613,-95.8676899,1865_15
#11741,"Paris, Salon",36.0601613,-95.8676899,1865_16
#11741,"Paris, Salon",36.0601613,-95.8676899,1866_02
#11741,"Paris, Salon",36.0601613,-95.8676899,1867_01
#11741,"Paris, Salon",36.0601613,-95.8676899,1867_03
#11741,"Paris, Salon",36.0601613,-95.8676899,1868_01
#11741,"Paris, Salon",36.0601613,-95.8676899,1869_01
#11741,"Paris, Salon",36.0601613,-95.8676899,1869_02
#11741,"Paris, Salon",36.0601613,-95.8676899,1870_04
#11741,"Paris, Salon",36.0601613,-95.8676899,1871_01
#11741,"Paris, Salon",36.0601613,-95.8676899,1871_02
#11741,"Paris, Salon",36.0601613,-95.8676899,1871_05
#11741,"Paris, Salon",36.0601613,-95.8676899,1871_07
#11741,"Paris, Salon",36.0601613,-95.8676899,1871_09
#11741,"Paris, Salon",36.0601613,-95.8676899,1872_01
#11741,"Paris, Salon",36.0601613,-95.8676899,1872_02
#11741,"Paris, Salon",36.0601613,-95.8676899,1872_03
#11741,"Paris, Salon",36.0601613,-95.8676899,1872_04
#11741,"Paris, Salon",36.0601613,-95.8676899,1873_02
#11741,"Paris, Salon",36.0601613,-95.8676899,1873_03
#11741,"Paris, Salon",36.0601613,-95.8676899,1873_04
#11741,"Paris, Salon",36.0601613,-95.8676899,1874_01
#11741,"Paris, Salon",36.0601613,-95.8676899,1874_02
#11741,"Paris, Salon",36.0601613,-95.8676899,1874_03
#11741,"Paris, Salon",36.0601613,-95.8676899,1874_04
#11741,"Paris, Salon",36.0601613,-95.8676899,1874_05
#11741,"Paris, Salon",36.0601613,-95.8676899,1874_06
#11741,"Paris, Salon",36.0601613,-95.8676899,1874_07
#11741,"Paris, Salon",36.0601613,-95.8676899,1874_08
#11741,"Paris, Salon",36.0601613,-95.8676899,1875_01
#11741,"Paris, Salon",36.0601613,-95.8676899,1875_02
#11741,"Paris, Salon",36.0601613,-95.8676899,1875_03
#11741,"Paris, Salon",36.0601613,-95.8676899,1875_04
#11741,"Paris, Salon",36.0601613,-95.8676899,1875_05
#11741,"Paris, Salon",36.0601613,-95.8676899,1875_06
#11741,"Paris, Salon",36.0601613,-95.8676899,1875_07
#11741,"Paris, Salon",36.0601613,-95.8676899,1875_08
#11741,"Paris, Salon",36.0601613,-95.8676899,1875_09
#11741,"Paris, Salon",36.0601613,-95.8676899,1875_10
#11741,"Paris, Salon",36.0601613,-95.8676899,1875_11
#11741,"Paris, Salon",36.0601613,-95.8676899,1875_16
#11741,"Paris, Salon",36.0601613,-95.8676899,1875_18
#11741,"Paris, Salon",36.0601613,-95.8676899,1876_01
#11741,"Paris, Salon",36.0601613,-95.8676899,1876_02
#11741,"Paris, Salon",36.0601613,-95.8676899,1876_03
#11741,"Paris, Salon",36.0601613,-95.8676899,1876_04
#11741,"Paris, Salon",36.0601613,-95.8676899,1876_05
#11741,"Paris, Salon",36.0601613,-95.8676899,1876_06
#11741,"Paris, Salon",36.0601613,-95.8676899,1876_07
#11741,"Paris, Salon",36.0601613,-95.8676899,1876_08
#11741,"Paris, Salon",36.0601613,-95.8676899,1877_02
#11741,"Paris, Salon",36.0601613,-95.8676899,1877_03
#11741,"Paris, Salon",36.0601613,-95.8676899,1877_04
#11741,"Paris, Salon",36.0601613,-95.8676899,1877_06
#11741,"Paris, Salon",36.0601613,-95.8676899,1877_07
#11741,"Paris, Salon",36.0601613,-95.8676899,1877_08
#11741,"Paris, Salon",36.0601613,-95.8676899,1878_01
#11741,"Paris, Salon",36.0601613,-95.8676899,1878_02
#11741,"Paris, Salon",36.0601613,-95.8676899,1878_04
#11741,"Paris, Salon",36.0601613,-95.8676899,1878_05
#11741,"Paris, Salon",36.0601613,-95.8676899,1878_06
#11741,"Paris, Salon",36.0601613,-95.8676899,1878_08
#11741,"Paris, Salon",36.0601613,-95.8676899,1878_11
#11741,"Paris, Salon",36.0601613,-95.8676899,1878_13
#11741,"Paris, Salon",36.0601613,-95.8676899,1878_15
#11741,"Paris, Salon",36.0601613,-95.8676899,1878_16
#11741,"Paris, Salon",36.0601613,-95.8676899,1878_17
#11741,"Paris, Salon",36.0601613,-95.8676899,1879_01
#11741,"Paris, Salon",36.0601613,-95.8676899,1879_02
#11741,"Paris, Salon",36.0601613,-95.8676899,1879_05
#11741,"Paris, Salon",36.0601613,-95.8676899,1879_06
#11741,"Paris, Salon",36.0601613,-95.8676899,1879_10
#11741,"Paris, Salon",36.0601613,-95.8676899,1879_11
#11741,"Paris, Salon",36.0601613,-95.8676899,1879_12
#11741,"Paris, Salon",36.0601613,-95.8676899,1879_13
#11741,"Paris, Salon",36.0601613,-95.8676899,1879_14
#11741,"Paris, Salon",36.0601613,-95.8676899,1879_15
#11741,"Paris, Salon",36.0601613,-95.8676899,1879_16
#11741,"Paris, Salon",36.0601613,-95.8676899,1879_18
#11741,"Paris, Salon",36.0601613,-95.8676899,1879_21
#11741,"Paris, Salon",36.0601613,-95.8676899,1879_22
#11741,"Paris, Salon",36.0601613,-95.8676899,1880_01
#11741,"Paris, Salon",36.0601613,-95.8676899,1880_02
#11741,"Paris, Salon",36.0601613,-95.8676899,1880_05
#11741,"Paris, Salon",36.0601613,-95.8676899,1880_06
#11741,"Paris, Salon",36.0601613,-95.8676899,1880_07
#11741,"Paris, Salon",36.0601613,-95.8676899,1880_09
#11741,"Paris, Salon",36.0601613,-95.8676899,1880_10
#11741,"Paris, Salon",36.0601613,-95.8676899,1880_16
#11741,"Paris, Salon",36.0601613,-95.8676899,1880_18
#11741,"Paris, Salon",36.0601613,-95.8676899,1880_19
#11741,"Paris, Salon",36.0601613,-95.8676899,1881_01
#11741,"Paris, Salon",36.0601613,-95.8676899,1881_03
#11741,"Paris, Salon",36.0601613,-95.8676899,1881_04
#11741,"Paris, Salon",36.0601613,-95.8676899,1882_01
#11741,"Paris, Salon",36.0601613,-95.8676899,1882_02
#11741,"Paris, Salon",36.0601613,-95.8676899,1882_03
#11741,"Paris, Salon",36.0601613,-95.8676899,1882_05
#11741,"Paris, Salon",36.0601613,-95.8676899,1883_01
#11741,"Paris, Salon",36.0601613,-95.8676899,1883_02
#11741,"Paris, Salon",36.0601613,-95.8676899,1883_04
#11741,"Paris, Salon",36.0601613,-95.8676899,1883_05
#11741,"Paris, Salon",36.0601613,-95.8676899,1884_01
#11741,"Paris, Salon",36.0601613,-95.8676899,1884_03
#11741,"Paris, Salon",36.0601613,-95.8676899,1884_04
#11741,"Paris, Salon",36.0601613,-95.8676899,1884_05
#11741,"Paris, Salon",36.0601613,-95.8676899,1884_06
#11741,"Paris, Salon",36.0601613,-95.8676899,1884_07
#11741,"Paris, Salon",36.0601613,-95.8676899,1884_08
#11741,"Paris, Salon",36.0601613,-95.8676899,1884_09
#11741,"Paris, Salon",36.0601613,-95.8676899,1884_10
#11741,"Paris, Salon",36.0601613,-95.8676899,1885_03
#11741,"Paris, Salon",36.0601613,-95.8676899,1886_03
#11741,"Paris, Salon",36.0601613,-95.8676899,1886_04
#11741,"Paris, Salon",36.0601613,-95.8676899,1886_05
#11741,"Paris, Salon",36.0601613,-95.8676899,1887_01
#11741,"Paris, Salon",36.0601613,-95.8676899,1887_02
#11741,"Paris, Salon",36.0601613,-95.8676899,1887_03
#11741,"Paris, Salon",36.0601613,-95.8676899,1887_05
#11741,"Paris, Salon",36.0601613,-95.8676899,1887_06
#11741,"Paris, Salon",36.0601613,-95.8676899,1888_02
#11741,"Paris, Salon",36.0601613,-95.8676899,1888_03
#11741,"Paris, Salon",36.0601613,-95.8676899,1889_06
#11741,"Paris, Salon",36.0601613,-95.8676899,1890_01
#11741,"Paris, Salon",36.0601613,-95.8676899,1890_03
#11741,"Paris, Salon",36.0601613,-95.8676899,1890_05
#11741,"Paris, Salon",36.0601613,-95.8676899,1890_06
#11741,"Paris, Salon",36.0601613,-95.8676899,1891_02
#11741,"Paris, Salon",36.0601613,-95.8676899,1891_04
#11741,"Paris, Salon",36.0601613,-95.8676899,1892_01
#11741,"Paris, Salon",36.0601613,-95.8676899,1892_02
#11741,"Paris, Salon",36.0601613,-95.8676899,1893_02
#11741,"Paris, Salon",36.0601613,-95.8676899,1894_05
#11741,"Paris, Salon",36.0601613,-95.8676899,1894_06
#11741,"Paris, Salon",36.0601613,-95.8676899,1895_01
#11741,"Paris, Salon",36.0601613,-95.8676899,1896_03
#11741,"Paris, Salon",36.0601613,-95.8676899,1896_04
#11741,"Paris, Salon",36.0601613,-95.8676899,1896_07
#11741,"Paris, Salon",36.0601613,-95.8676899,1897_01
#11741,"Paris, Salon",36.0601613,-95.8676899,1898_04
#11741,"Paris, Salon",36.0601613,-95.8676899,1898_05
#11741,"Paris, Salon",36.0601613,-95.8676899,1898_06
#11741,"Paris, Salon",36.0601613,-95.8676899,1899_04
#11741,"Paris, Salon",36.0601613,-95.8676899,1899_05
#11741,"Paris, Salon",36.0601613,-95.8676899,1901_01
#11741,"Paris, Salon",36.0601613,-95.8676899,1901_03
#11537,"Munich, Glaspalast de Munich",48.1820744,11.566419,1858_05
#11537,"Munich, Glaspalast de Munich",48.1820744,11.566419,1869_01
#11537,"Munich, Glaspalast de Munich",48.1820744,11.566419,1894_02
#11537,"Munich, Glaspalast de Munich",48.1820744,11.566419,1894_03
#11459,Gais (Canton Appenzell Rhodes-Extérieures),47.3621531,9.4524457,1870_02
#11459,Gais (Canton Appenzell Rhodes-Extérieures),47.3621531,9.4524457,1870_03
#11459,Gais (Canton Appenzell Rhodes-Extérieures),47.3621531,9.4524457,1870_04
#11725,Bonn,50.73743,7.0982068,1870_03
#11736,"Paris, galerie italienne du Louvre",48.8635291,2.3416919,1871_04
#11767,Palais d'Hampton Court (Grand Londres),51.4036128,-0.3377623,1871_04
#11738,"Londres, Society of French Artists",40.7794366,-73.963244,1871_04
#11738,"Londres, Society of French Artists",40.7794366,-73.963244,1872_01
#11738,"Londres, Society of French Artists",40.7794366,-73.963244,1872_03
#11738,"Londres, Society of French Artists",40.7794366,-73.963244,1872_04
#11738,"Londres, Society of French Artists",40.7794366,-73.963244,1873_05
#11738,"Londres, Society of French Artists",40.7794366,-73.963244,1874_02
#11738,"Londres, Society of French Artists",40.7794366,-73.963244,1874_03
#11738,"Londres, Society of French Artists",40.7794366,-73.963244,1874_07
#11738,"Londres, Society of French Artists",40.7794366,-73.963244,1874_08
#11738,"Londres, Society of French Artists",40.7794366,-73.963244,1875_01
#11738,"Londres, Society of French Artists",40.7794366,-73.963244,1875_16
#11738,"Londres, Society of French Artists",40.7794366,-73.963244,1897_01
#9280,Paris,48.856614,2.3522219,1858_02
#9280,Paris,48.856614,2.3522219,1858_03
#9280,Paris,48.856614,2.3522219,1858_04
#9280,Paris,48.856614,2.3522219,1859_01
#9280,Paris,48.856614,2.3522219,1859_02
#9280,Paris,48.856614,2.3522219,1859_03
#9280,Paris,48.856614,2.3522219,1860_01
#9280,Paris,48.856614,2.3522219,1862_01
#9280,Paris,48.856614,2.3522219,1863_01
#9280,Paris,48.856614,2.3522219,1865_01
#9280,Paris,48.856614,2.3522219,1865_02
#9280,Paris,48.856614,2.3522219,1865_03
#9280,Paris,48.856614,2.3522219,1865_06
#9280,Paris,48.856614,2.3522219,1865_08
#9280,Paris,48.856614,2.3522219,1865_10
#9280,Paris,48.856614,2.3522219,1865_12
#9280,Paris,48.856614,2.3522219,1865_13
#9280,Paris,48.856614,2.3522219,1865_14
#9280,Paris,48.856614,2.3522219,1865_15
#9280,Paris,48.856614,2.3522219,1865_16
#9280,Paris,48.856614,2.3522219,1866_01
#9280,Paris,48.856614,2.3522219,1866_02
#9280,Paris,48.856614,2.3522219,1867_01
#9280,Paris,48.856614,2.3522219,1868_01
#9280,Paris,48.856614,2.3522219,1869_02
#9280,Paris,48.856614,2.3522219,1870_02
#9280,Paris,48.856614,2.3522219,1870_04
#9280,Paris,48.856614,2.3522219,1871_01
#9280,Paris,48.856614,2.3522219,1871_02
#9280,Paris,48.856614,2.3522219,1871_04
#9280,Paris,48.856614,2.3522219,1871_05
#9280,Paris,48.856614,2.3522219,1871_06
#9280,Paris,48.856614,2.3522219,1871_08
#9280,Paris,48.856614,2.3522219,1871_09
#9280,Paris,48.856614,2.3522219,1872_01
#9280,Paris,48.856614,2.3522219,1872_02
#9280,Paris,48.856614,2.3522219,1872_04
#9280,Paris,48.856614,2.3522219,1873_04
#9280,Paris,48.856614,2.3522219,1873_05
#9280,Paris,48.856614,2.3522219,1874_01
#9280,Paris,48.856614,2.3522219,1874_02
#9280,Paris,48.856614,2.3522219,1874_03
#9280,Paris,48.856614,2.3522219,1874_05
#9280,Paris,48.856614,2.3522219,1874_06
#9280,Paris,48.856614,2.3522219,1874_07
#9280,Paris,48.856614,2.3522219,1875_02
#9280,Paris,48.856614,2.3522219,1875_03
#9280,Paris,48.856614,2.3522219,1875_04
#9280,Paris,48.856614,2.3522219,1875_05
#9280,Paris,48.856614,2.3522219,1875_08
#9280,Paris,48.856614,2.3522219,1875_10
#9280,Paris,48.856614,2.3522219,1875_11
#9280,Paris,48.856614,2.3522219,1875_12
#9280,Paris,48.856614,2.3522219,1875_13
#9280,Paris,48.856614,2.3522219,1875_15
#9280,Paris,48.856614,2.3522219,1875_16
#9280,Paris,48.856614,2.3522219,1875_17
#9280,Paris,48.856614,2.3522219,1875_18
#9280,Paris,48.856614,2.3522219,1876_01
#9280,Paris,48.856614,2.3522219,1876_03
#9280,Paris,48.856614,2.3522219,1876_07
#9280,Paris,48.856614,2.3522219,1876_13
#9280,Paris,48.856614,2.3522219,1876_15
#9280,Paris,48.856614,2.3522219,1876_17
#9280,Paris,48.856614,2.3522219,1877_01
#9280,Paris,48.856614,2.3522219,1877_02
#9280,Paris,48.856614,2.3522219,1877_05
#9280,Paris,48.856614,2.3522219,1877_07
#9280,Paris,48.856614,2.3522219,1878_01
#9280,Paris,48.856614,2.3522219,1878_02
#9280,Paris,48.856614,2.3522219,1878_03
#9280,Paris,48.856614,2.3522219,1878_04
#9280,Paris,48.856614,2.3522219,1878_06
#9280,Paris,48.856614,2.3522219,1878_07
#9280,Paris,48.856614,2.3522219,1878_08
#9280,Paris,48.856614,2.3522219,1878_09
#9280,Paris,48.856614,2.3522219,1878_10
#9280,Paris,48.856614,2.3522219,1878_11
#9280,Paris,48.856614,2.3522219,1878_12
#9280,Paris,48.856614,2.3522219,1878_13
#9280,Paris,48.856614,2.3522219,1878_14
#9280,Paris,48.856614,2.3522219,1878_15
#9280,Paris,48.856614,2.3522219,1878_16
#9280,Paris,48.856614,2.3522219,1878_17
#9280,Paris,48.856614,2.3522219,1878_18
#9280,Paris,48.856614,2.3522219,1878_19
#9280,Paris,48.856614,2.3522219,1879_01
#9280,Paris,48.856614,2.3522219,1879_02
#9280,Paris,48.856614,2.3522219,1879_05
#9280,Paris,48.856614,2.3522219,1879_08
#9280,Paris,48.856614,2.3522219,1879_09
#9280,Paris,48.856614,2.3522219,1879_11
#9280,Paris,48.856614,2.3522219,1879_12
#9280,Paris,48.856614,2.3522219,1879_14
#9280,Paris,48.856614,2.3522219,1879_15
#9280,Paris,48.856614,2.3522219,1879_17
#9280,Paris,48.856614,2.3522219,1879_18
#9280,Paris,48.856614,2.3522219,1879_19
#9280,Paris,48.856614,2.3522219,1880_02
#9280,Paris,48.856614,2.3522219,1880_05
#9280,Paris,48.856614,2.3522219,1880_09
#9280,Paris,48.856614,2.3522219,1880_12
#9280,Paris,48.856614,2.3522219,1881_07
#9280,Paris,48.856614,2.3522219,1881_08
#9280,Paris,48.856614,2.3522219,1882_01
#9280,Paris,48.856614,2.3522219,1884_08
#9280,Paris,48.856614,2.3522219,1884_10
#9280,Paris,48.856614,2.3522219,1886_03
#9280,Paris,48.856614,2.3522219,1886_06
#9280,Paris,48.856614,2.3522219,1887_02
#9280,Paris,48.856614,2.3522219,1887_03
#9280,Paris,48.856614,2.3522219,1887_04
#9280,Paris,48.856614,2.3522219,1887_05
#9280,Paris,48.856614,2.3522219,1887_07
#9280,Paris,48.856614,2.3522219,1888_03
#9280,Paris,48.856614,2.3522219,1888_07
#9280,Paris,48.856614,2.3522219,1890_01
#9280,Paris,48.856614,2.3522219,1890_03
#9280,Paris,48.856614,2.3522219,1890_04
#9280,Paris,48.856614,2.3522219,1890_06
#9280,Paris,48.856614,2.3522219,1891_01
#9280,Paris,48.856614,2.3522219,1893_01
#9280,Paris,48.856614,2.3522219,1894_01
#9280,Paris,48.856614,2.3522219,1894_03
#9280,Paris,48.856614,2.3522219,1894_04
#9280,Paris,48.856614,2.3522219,1896_03
#9280,Paris,48.856614,2.3522219,1897_01
#9280,Paris,48.856614,2.3522219,1899_03
#9280,Paris,48.856614,2.3522219,1900_04
#9280,Paris,48.856614,2.3522219,1901_06
#9643,Munich,48.1351253,11.5819805,1858_05
#9643,Munich,48.1351253,11.5819805,1865_10
#9643,Munich,48.1351253,11.5819805,1866_01
#9643,Munich,48.1351253,11.5819805,1867_03
#9643,Munich,48.1351253,11.5819805,1868_01
#9643,Munich,48.1351253,11.5819805,1870_02
#9643,Munich,48.1351253,11.5819805,1870_03
#9643,Munich,48.1351253,11.5819805,1871_02
#9643,Munich,48.1351253,11.5819805,1871_04
#9643,Munich,48.1351253,11.5819805,1871_06
#9643,Munich,48.1351253,11.5819805,1872_01
#9643,Munich,48.1351253,11.5819805,1875_15
#9643,Munich,48.1351253,11.5819805,1876_13
#9643,Munich,48.1351253,11.5819805,1876_14
#9643,Munich,48.1351253,11.5819805,1876_15
#9643,Munich,48.1351253,11.5819805,1878_17
#9643,Munich,48.1351253,11.5819805,1890_03
#9643,Munich,48.1351253,11.5819805,1892_02
#9643,Munich,48.1351253,11.5819805,1892_03
#9643,Munich,48.1351253,11.5819805,1894_03
#11015,"Londres, National Gallery",51.508929,-0.128299,1865_15
#11015,"Londres, National Gallery",51.508929,-0.128299,1871_02
#11015,"Londres, National Gallery",51.508929,-0.128299,1871_04
#11015,"Londres, National Gallery",51.508929,-0.128299,1871_05
#11015,"Londres, National Gallery",51.508929,-0.128299,1875_04
#11015,"Londres, National Gallery",51.508929,-0.128299,1876_17
#11015,"Londres, National Gallery",51.508929,-0.128299,1881_05
#11015,"Londres, National Gallery",51.508929,-0.128299,1888_05
#11015,"Londres, National Gallery",51.508929,-0.128299,1896_02
#9615,"Paris, Musée du Luxembourg",48.8489085,2.3341799,1871_04
#9615,"Paris, Musée du Luxembourg",48.8489085,2.3341799,1879_11
#9615,"Paris, Musée du Luxembourg",48.8489085,2.3341799,1892_01
#9615,"Paris, Musée du Luxembourg",48.8489085,2.3341799,1899_04
#12014,"London, French Gallery",51.5265865,-0.0644706,1871_08
#11739,"Paris, Salon des refusés",48.856614,2.3522219,1858_05
#11739,"Paris, Salon des refusés",48.856614,2.3522219,1863_01
#11739,"Paris, Salon des refusés",48.856614,2.3522219,1865_08
#11739,"Paris, Salon des refusés",48.856614,2.3522219,1872_01
#11800,"Londres, galerie Durand-Ruel (géré par Deschamps, 1870-1875)",51.5072178,-0.1275862,1872_01
#11800,"Londres, galerie Durand-Ruel (géré par Deschamps, 1870-1875)",51.5072178,-0.1275862,1872_03
#11800,"Londres, galerie Durand-Ruel (géré par Deschamps, 1870-1875)",51.5072178,-0.1275862,1872_04
#11800,"Londres, galerie Durand-Ruel (géré par Deschamps, 1870-1875)",51.5072178,-0.1275862,1873_02
#11800,"Londres, galerie Durand-Ruel (géré par Deschamps, 1870-1875)",51.5072178,-0.1275862,1874_07
#11800,"Londres, galerie Durand-Ruel (géré par Deschamps, 1870-1875)",51.5072178,-0.1275862,1874_08
#11800,"Londres, galerie Durand-Ruel (géré par Deschamps, 1870-1875)",51.5072178,-0.1275862,1875_01
#11800,"Londres, galerie Durand-Ruel (géré par Deschamps, 1870-1875)",51.5072178,-0.1275862,1877_01
#11800,"Londres, galerie Durand-Ruel (géré par Deschamps, 1870-1875)",51.5072178,-0.1275862,1877_07
#11800,"Londres, galerie Durand-Ruel (géré par Deschamps, 1870-1875)",51.5072178,-0.1275862,1897_01
#12022,Sunbury-on-Thames,51.4191935,-0.4191503,1865_02
#12022,Sunbury-on-Thames,51.4191935,-0.4191503,1872_01
#12022,Sunbury-on-Thames,51.4191935,-0.4191503,1875_03
#11740,"Paris, Salon de la Société des artistes français",48.8661091,2.3124544,1872_01
#11740,"Paris, Salon de la Société des artistes français",48.8661091,2.3124544,1891_01
#11820,"Londres, 7th exhibition de la Society of French Artists",51.5072178,-0.1275862,1873_05
#11820,"Londres, 7th exhibition de la Society of French Artists",51.5072178,-0.1275862,1874_01
#11820,"Londres, 7th exhibition de la Society of French Artists",51.5072178,-0.1275862,1874_02
#10588,"Londres, 8th exhibition de la Society of French Artists",51.5072178,-0.1275862,1874_03
#8639,"Paris, Exposition impressionniste, 1ère exposition, atelier Nadar, 1874",48.856614,2.3522219,1874_04
#8640,"Paris, galerie Corps législatif",48.8737335,2.3319781,1874_04
#8640,"Paris, galerie Corps législatif",48.8737335,2.3319781,1874_05
#11846,"Londres, Flemish Gallery",51.508929,-0.128299,1874_05
#12015,"Londres, 9th exhibition de la Society of French Artists",51.5072178,-0.1275862,1874_07
#12015,"Londres, 9th exhibition de la Society of French Artists",51.5072178,-0.1275862,1874_08
#12016,"Londres, 10th exhibition de la Society of French Artists",51.5072178,-0.1275862,1875_01
#11460,"Londres, 11th exhibition de la Society of French Artists",51.5072178,-0.1275862,1875_01
#8641,"Paris, Hôtel Drouot",48.8731775,2.340343,1875_09
#8845,"Grenoble, Musée de Grenoble",45.194928,5.7323129,1876_02
#8643,"Paris, Exposition Manet, avenue Montaigne",48.8797787,2.3242575,1876_07
#8643,"Paris, Exposition Manet, avenue Montaigne",48.8797787,2.3242575,1876_08
#11726,"Londres, Dudley Gallery",51.5094236,-0.1281216,1871_06
#11726,"Londres, Dudley Gallery",51.5094236,-0.1281216,1871_08
#11726,"Londres, Dudley Gallery",51.5094236,-0.1281216,1871_09
#11726,"Londres, Dudley Gallery",51.5094236,-0.1281216,1872_04
#11726,"Londres, Dudley Gallery",51.5094236,-0.1281216,1874_01
#11726,"Londres, Dudley Gallery",51.5094236,-0.1281216,1875_16
#11726,"Londres, Dudley Gallery",51.5094236,-0.1281216,1875_18
#11726,"Londres, Dudley Gallery",51.5094236,-0.1281216,1876_07
#11726,"Londres, Dudley Gallery",51.5094236,-0.1281216,1876_16
#11726,"Londres, Dudley Gallery",51.5094236,-0.1281216,1876_17
#11726,"Londres, Dudley Gallery",51.5094236,-0.1281216,1877_08
#11726,"Londres, Dudley Gallery",51.5094236,-0.1281216,1877_09
#11726,"Londres, Dudley Gallery",51.5094236,-0.1281216,1878_01
#11726,"Londres, Dudley Gallery",51.5094236,-0.1281216,1878_05
#11726,"Londres, Dudley Gallery",51.5094236,-0.1281216,1878_15
#11726,"Londres, Dudley Gallery",51.5094236,-0.1281216,1881_12
#9674,Augsbourg,48.3705449,10.89779,1876_14
#13787,Nuremberg,49.4521018,11.0766654,1876_14
#11463,Ratisbonne,49.0134297,12.1016236,1876_14
#8950,Nancy,48.692054,6.184417,1876_14
#11347,"Munich, Glyptothèque",48.1463432,11.5657031,1876_14
#11821,Bayreuth,49.9456399,11.5713346,1876_06
#11821,Bayreuth,49.9456399,11.5713346,1876_10
#11821,Bayreuth,49.9456399,11.5713346,1876_13
#11821,Bayreuth,49.9456399,11.5713346,1876_14
#11821,Bayreuth,49.9456399,11.5713346,1877_02
#11821,Bayreuth,49.9456399,11.5713346,1878_01
#11735,"Paris, École nationale des beaux-arts",48.8568556,2.333782,1876_14
#11735,"Paris, École nationale des beaux-arts",48.8568556,2.333782,1879_17
#11735,"Paris, École nationale des beaux-arts",48.8568556,2.333782,1883_03
#11735,"Paris, École nationale des beaux-arts",48.8568556,2.333782,1883_05
#11735,"Paris, École nationale des beaux-arts",48.8568556,2.333782,1884_03
#11735,"Paris, École nationale des beaux-arts",48.8568556,2.333782,1887_06
#9748,"Berlin-Ouest, Nationalgalerie",52.5069946,13.367604,1876_14
#9748,"Berlin-Ouest, Nationalgalerie",52.5069946,13.367604,1886_06
#9761,Stuttgart,48.7758459,9.1829321,1876_14
#9761,Stuttgart,48.7758459,9.1829321,1900_03
#11743,"Munich, galerie Schack",48.1423694,11.593096,1876_15
#9412,"Dresde, Gemäldegalerie Alte Meister",51.0533882,13.7347067,1877_02
#9668,Dresde,51.0504088,13.7372621,1875_15
#9668,Dresde,51.0504088,13.7372621,1877_02
#11410,"Paris, Exposition impressionniste, 3e exposition, 6 rue Le Peletier",48.8724848,2.3386096,1877_04
#11531,Cologne,50.937531,6.9602786,1877_06
#11409,Cassel (Hesse),51.3127114,9.4797461,1865_01
#11409,Cassel (Hesse),51.3127114,9.4797461,1875_15
#11409,Cassel (Hesse),51.3127114,9.4797461,1877_02
#11409,Cassel (Hesse),51.3127114,9.4797461,1877_06
#11986,Anvers,51.2194475,4.4024643,1877_06
#11986,Anvers,51.2194475,4.4024643,1878_11
#11986,Anvers,51.2194475,4.4024643,1878_13
#11986,Anvers,51.2194475,4.4024643,1901_05
#11464,Gand,41.9880354,-87.9692876,1877_06
#11464,Gand,41.9880354,-87.9692876,1877_08
#8642,"Paris, Exposition impressionniste, 2e exposition, galerie Durand-Ruel",48.856614,2.3522219,1876_08
#8642,"Paris, Exposition impressionniste, 2e exposition, galerie Durand-Ruel",48.856614,2.3522219,1877_08
#8642,"Paris, Exposition impressionniste, 2e exposition, galerie Durand-Ruel",48.856614,2.3522219,1878_15
#11465,Heist (Région flamande),51.339918,3.2396865,1878_08
#11465,Heist (Région flamande),51.339918,3.2396865,1878_09
#11465,Heist (Région flamande),51.339918,3.2396865,1878_10
#11465,Heist (Région flamande),51.339918,3.2396865,1878_11
#11465,Heist (Région flamande),51.339918,3.2396865,1878_12
#11465,Heist (Région flamande),51.339918,3.2396865,1878_13
#11465,Heist (Région flamande),51.339918,3.2396865,1878_14
#11465,Heist (Région flamande),51.339918,3.2396865,1878_15
#11465,Heist (Région flamande),51.339918,3.2396865,1878_17
#11465,Heist (Région flamande),51.339918,3.2396865,1879_19
#11122,Lille,50.62925,3.057256,1878_09
#11122,Lille,50.62925,3.057256,1878_11
#11466,Bruges,51.2091807,3.2247552,1878_09
#11466,Bruges,51.2091807,3.2247552,1878_12
#11466,Bruges,51.2091807,3.2247552,1878_13
#11468,Ostende,51.21543,2.928656,1878_13
#11823,Douvres,45.989555,5.373145,1878_13
#11824,Wakefield,42.5039395,-71.0723391,1878_13
#11824,Wakefield,42.5039395,-71.0723391,1878_14
#11824,Wakefield,42.5039395,-71.0723391,1878_15
#11824,Wakefield,42.5039395,-71.0723391,1878_17
#11691,"Paris, galerie Durand-Ruel",48.8661091,2.3124544,1873_01
#11691,"Paris, galerie Durand-Ruel",48.8661091,2.3124544,1876_08
#11691,"Paris, galerie Durand-Ruel",48.8661091,2.3124544,1878_13
#11691,"Paris, galerie Durand-Ruel",48.8661091,2.3124544,1878_14
#11691,"Paris, galerie Durand-Ruel",48.8661091,2.3124544,1878_15
#11691,"Paris, galerie Durand-Ruel",48.8661091,2.3124544,1878_16
#11691,"Paris, galerie Durand-Ruel",48.8661091,2.3124544,1879_11
#11121,Bruxelles,50.8503396,4.3517103,1877_06
#11121,Bruxelles,50.8503396,4.3517103,1878_13
#11121,Bruxelles,50.8503396,4.3517103,1878_14
#11121,Bruxelles,50.8503396,4.3517103,1878_16
#11121,Bruxelles,50.8503396,4.3517103,1883_05
#11121,Bruxelles,50.8503396,4.3517103,1893_01
#11467,"Paris, Exposition rétrospective de tableaux et dessins des maîtres modernes, galerie Durand-Ruel (1878)",48.856614,2.3522219,1878_12
#11467,"Paris, Exposition rétrospective de tableaux et dessins des maîtres modernes, galerie Durand-Ruel (1878)",48.856614,2.3522219,1878_13
#11467,"Paris, Exposition rétrospective de tableaux et dessins des maîtres modernes, galerie Durand-Ruel (1878)",48.856614,2.3522219,1878_14
#11467,"Paris, Exposition rétrospective de tableaux et dessins des maîtres modernes, galerie Durand-Ruel (1878)",48.856614,2.3522219,1878_15
#11467,"Paris, Exposition rétrospective de tableaux et dessins des maîtres modernes, galerie Durand-Ruel (1878)",48.856614,2.3522219,1878_16
#11875,"Manchester, Royal Institution, 58th Exhibition of Works of Modern Artists, 1878",48.856614,2.3522219,1878_14
#11875,"Manchester, Royal Institution, 58th Exhibition of Works of Modern Artists, 1878",48.856614,2.3522219,1878_16
#11538,Manchester,53.4807593,-2.2426305,1878_14
#11538,Manchester,53.4807593,-2.2426305,1878_16
#11538,Manchester,53.4807593,-2.2426305,1880_09
#11538,Manchester,53.4807593,-2.2426305,1880_11
#11538,Manchester,53.4807593,-2.2426305,1880_12
#11538,Manchester,53.4807593,-2.2426305,1880_14
#11538,Manchester,53.4807593,-2.2426305,1880_18
#11538,Manchester,53.4807593,-2.2426305,1881_11
#11538,Manchester,53.4807593,-2.2426305,1882_04
#11538,Manchester,53.4807593,-2.2426305,1882_05
#11538,Manchester,53.4807593,-2.2426305,1883_04
#11538,Manchester,53.4807593,-2.2426305,1883_05
#11538,Manchester,53.4807593,-2.2426305,1884_01
#11538,Manchester,53.4807593,-2.2426305,1887_07
#11538,Manchester,53.4807593,-2.2426305,1887_08
#9644,"Francfort sur le Main, Städelsches Kunstinstitut",50.1030925,8.6740583,1874_03
#9644,"Francfort sur le Main, Städelsches Kunstinstitut",50.1030925,8.6740583,1879_04
#9644,"Francfort sur le Main, Städelsches Kunstinstitut",50.1030925,8.6740583,1880_04
#9644,"Francfort sur le Main, Städelsches Kunstinstitut",50.1030925,8.6740583,1886_06
#9644,"Francfort sur le Main, Städelsches Kunstinstitut",50.1030925,8.6740583,1900_04
#8731,"Paris, Exposition impressionniste, 4e exposition, 28 avenue de l´Opéra",48.8676902,2.3338207,1879_11
#8586,"Paris, maison Goupil (1829-1920)",48.856614,2.3522219,1879_13
#11750,"Paris, galerie Georges Petit",48.855546,2.3368657,1879_11
#11750,"Paris, galerie Georges Petit",48.855546,2.3368657,1879_13
#11132,Fontainebleau,25.8178372,-80.1227119,1879_19
#11132,Fontainebleau,25.8178372,-80.1227119,1879_20
#11132,Fontainebleau,25.8178372,-80.1227119,1879_21
#15292,Grenoble,45.188529,5.724524,1879_20
#9811,"Paris, Exposition Universelle, 1878",48.8343154,2.49476,1878_01
#9811,"Paris, Exposition Universelle, 1878",48.8343154,2.49476,1878_02
#9811,"Paris, Exposition Universelle, 1878",48.8343154,2.49476,1878_03
#9811,"Paris, Exposition Universelle, 1878",48.8343154,2.49476,1878_04
#9811,"Paris, Exposition Universelle, 1878",48.8343154,2.49476,1878_05
#9811,"Paris, Exposition Universelle, 1878",48.8343154,2.49476,1878_07
#9811,"Paris, Exposition Universelle, 1878",48.8343154,2.49476,1878_08
#9811,"Paris, Exposition Universelle, 1878",48.8343154,2.49476,1878_09
#9811,"Paris, Exposition Universelle, 1878",48.8343154,2.49476,1878_10
#9811,"Paris, Exposition Universelle, 1878",48.8343154,2.49476,1878_11
#9811,"Paris, Exposition Universelle, 1878",48.8343154,2.49476,1878_12
#9811,"Paris, Exposition Universelle, 1878",48.8343154,2.49476,1878_13
#9811,"Paris, Exposition Universelle, 1878",48.8343154,2.49476,1878_14
#9811,"Paris, Exposition Universelle, 1878",48.8343154,2.49476,1879_05
#9811,"Paris, Exposition Universelle, 1878",48.8343154,2.49476,1879_22
#9811,"Paris, Exposition Universelle, 1878",48.8343154,2.49476,1880_05
#11763,"Londres, Continental Galleries",51.508929,-0.128299,1879_21
#11763,"Londres, Continental Galleries",51.508929,-0.128299,1880_01
#11825,"Manchester, Royal Institution, 60th Exhibition of Works of Modern Artists, 1880",51.508929,-0.128299,1880_09
#11825,"Manchester, Royal Institution, 60th Exhibition of Works of Modern Artists, 1880",51.508929,-0.128299,1880_11
#11825,"Manchester, Royal Institution, 60th Exhibition of Works of Modern Artists, 1880",51.508929,-0.128299,1880_12
#8638,"Londres, galerie Deschamps, 1A New Bond Street (à partir de 1880)",51.5500877,0.0043401,1880_15
#8654,"Londres, Fine Art Society",51.5134057,-0.1389286,1881_03
#8654,"Londres, Fine Art Society",51.5134057,-0.1389286,1881_04
#11470,St Ives (Cornwall),50.2083858,-5.4908864,1881_10
#11744,"Londres, Grosvenor Gallery, 51a New Bond Street",51.550835,0.0039412,1877_08
#11744,"Londres, Grosvenor Gallery, 51a New Bond Street",51.550835,0.0039412,1878_06
#11744,"Londres, Grosvenor Gallery, 51a New Bond Street",51.550835,0.0039412,1878_17
#11744,"Londres, Grosvenor Gallery, 51a New Bond Street",51.550835,0.0039412,1878_18
#11744,"Londres, Grosvenor Gallery, 51a New Bond Street",51.550835,0.0039412,1878_19
#11744,"Londres, Grosvenor Gallery, 51a New Bond Street",51.550835,0.0039412,1879_11
#11744,"Londres, Grosvenor Gallery, 51a New Bond Street",51.550835,0.0039412,1879_13
#11744,"Londres, Grosvenor Gallery, 51a New Bond Street",51.550835,0.0039412,1880_05
#11744,"Londres, Grosvenor Gallery, 51a New Bond Street",51.550835,0.0039412,1880_07
#11744,"Londres, Grosvenor Gallery, 51a New Bond Street",51.550835,0.0039412,1880_09
#11744,"Londres, Grosvenor Gallery, 51a New Bond Street",51.550835,0.0039412,1882_04
#11744,"Londres, Grosvenor Gallery, 51a New Bond Street",51.550835,0.0039412,1884_06
#11744,"Londres, Grosvenor Gallery, 51a New Bond Street",51.550835,0.0039412,1888_05
#11749,"Paris, Salon des arts décoratifs",48.8631736,2.3335527,1879_11
#11749,"Paris, Salon des arts décoratifs",48.8631736,2.3335527,1882_03
#11749,"Paris, Salon des arts décoratifs",48.8631736,2.3335527,1882_04
#11762,"Manchester, Royal Manchester Institution",40.0833429,-76.7013175,1880_09
#11762,"Manchester, Royal Manchester Institution",40.0833429,-76.7013175,1880_11
#11762,"Manchester, Royal Manchester Institution",40.0833429,-76.7013175,1880_12
#11762,"Manchester, Royal Manchester Institution",40.0833429,-76.7013175,1881_10
#11762,"Manchester, Royal Manchester Institution",40.0833429,-76.7013175,1882_04
#11762,"Manchester, Royal Manchester Institution",40.0833429,-76.7013175,1884_01
#11764,"Liverpool, Walker Art Gallery",53.4100683,-2.9796664,1881_10
#11764,"Liverpool, Walker Art Gallery",53.4100683,-2.9796664,1882_06
#11737,"Londres, German Gallery Golden Square",51.511282,-0.137002,1883_02
#8655,"Londres, Dowdeswell Gallery",51.4703852,-0.2557316,1883_02
#8655,"Londres, Dowdeswell Gallery",51.4703852,-0.2557316,1884_07
#11768,"Londres, Royal Institue of Painters in Water Colours",51.5068668,-0.1305443,1883_02
#11768,"Londres, Royal Institue of Painters in Water Colours",51.5068668,-0.1305443,1894_01
#11876,Marbourg,33.9447402,-86.4659423,1883_04
#11826,Eastbourne,50.768035,0.290472,1884_03
#11766,"Londres, Institute of Painters in Oil Colours",51.5934605,-0.1136821,1883_04
#11766,"Londres, Institute of Painters in Oil Colours",51.5934605,-0.1136821,1884_10
#11766,"Londres, Institute of Painters in Oil Colours",51.5934605,-0.1136821,1884_11
#11766,"Londres, Institute of Painters in Oil Colours",51.5934605,-0.1136821,1887_08
#11766,"Londres, Institute of Painters in Oil Colours",51.5934605,-0.1136821,1893_01
#11766,"Londres, Institute of Painters in Oil Colours",51.5934605,-0.1136821,1893_02
#10226,"Berlin, Akademie der Künste",52.5154912,13.3791771,1886_06
#11877,Eisenach,50.9795715,10.3146872,1886_06
#11036,Giessen,50.5840512,8.6784031,1886_06
#11036,Giessen,50.5840512,8.6784031,1887_02
#11469,Buré (Normandie),48.517243,0.405996,1880_09
#11469,Buré (Normandie),48.517243,0.405996,1880_10
#11469,Buré (Normandie),48.517243,0.405996,1881_08
#11469,Buré (Normandie),48.517243,0.405996,1881_09
#11469,Buré (Normandie),48.517243,0.405996,1884_06
#11469,Buré (Normandie),48.517243,0.405996,1886_04
#11469,Buré (Normandie),48.517243,0.405996,1887_08
#11469,Buré (Normandie),48.517243,0.405996,1888_01
#11469,Buré (Normandie),48.517243,0.405996,1888_02
#11469,Buré (Normandie),48.517243,0.405996,1890_03
#11469,Buré (Normandie),48.517243,0.405996,1894_03
#11469,Buré (Normandie),48.517243,0.405996,1900_03
#11469,Buré (Normandie),48.517243,0.405996,1900_04
#8656,"Londres, Royal Society of Bristish Artists",51.491694,-0.179465,1888_04
#8657,"Manchester, City Art Gallery",53.4789499,-2.2414935,1888_04
#8740,"Glasgow, The Royal Glasgow Institute of Fine Arts",55.8643763,-4.2633985,1881_10
#8740,"Glasgow, The Royal Glasgow Institute of Fine Arts",55.8643763,-4.2633985,1888_04
#11761,"Birmingham, Royal Birmingham Society of Artists",52.4849317,-1.9074873,1881_10
#11761,"Birmingham, Royal Birmingham Society of Artists",52.4849317,-1.9074873,1884_01
#11761,"Birmingham, Royal Birmingham Society of Artists",52.4849317,-1.9074873,1888_04
#8649,"Paris, Exposition Universelle",48.8669475,2.3696876,1889_04
#8649,"Paris, Exposition Universelle",48.8669475,2.3696876,1889_05
#8649,"Paris, Exposition Universelle",48.8669475,2.3696876,1889_06
#11453,"Paris, Salon de la Société nationale des beaux-arts [depuis 1890, Champ-de-Mars]",48.8556475,2.2986304,1891_01
#8729,"Londres, Royal Academy of Arts",51.5094426,-0.1398686,1871_02
#8729,"Londres, Royal Academy of Arts",51.5094426,-0.1398686,1871_06
#8729,"Londres, Royal Academy of Arts",51.5094426,-0.1398686,1872_01
#8729,"Londres, Royal Academy of Arts",51.5094426,-0.1398686,1872_02
#8729,"Londres, Royal Academy of Arts",51.5094426,-0.1398686,1873_02
#8729,"Londres, Royal Academy of Arts",51.5094426,-0.1398686,1873_04
#8729,"Londres, Royal Academy of Arts",51.5094426,-0.1398686,1873_05
#8729,"Londres, Royal Academy of Arts",51.5094426,-0.1398686,1874_03
#8729,"Londres, Royal Academy of Arts",51.5094426,-0.1398686,1874_04
#8729,"Londres, Royal Academy of Arts",51.5094426,-0.1398686,1874_05
#8729,"Londres, Royal Academy of Arts",51.5094426,-0.1398686,1875_02
#8729,"Londres, Royal Academy of Arts",51.5094426,-0.1398686,1875_05
#8729,"Londres, Royal Academy of Arts",51.5094426,-0.1398686,1875_07
#8729,"Londres, Royal Academy of Arts",51.5094426,-0.1398686,1875_08
#8729,"Londres, Royal Academy of Arts",51.5094426,-0.1398686,1875_16
#8729,"Londres, Royal Academy of Arts",51.5094426,-0.1398686,1876_01
#8729,"Londres, Royal Academy of Arts",51.5094426,-0.1398686,1876_02
#8729,"Londres, Royal Academy of Arts",51.5094426,-0.1398686,1876_03
#8729,"Londres, Royal Academy of Arts",51.5094426,-0.1398686,1876_04
#8729,"Londres, Royal Academy of Arts",51.5094426,-0.1398686,1876_05
#8729,"Londres, Royal Academy of Arts",51.5094426,-0.1398686,1876_07
#8729,"Londres, Royal Academy of Arts",51.5094426,-0.1398686,1877_01
#8729,"Londres, Royal Academy of Arts",51.5094426,-0.1398686,1877_02
#8729,"Londres, Royal Academy of Arts",51.5094426,-0.1398686,1877_03
#8729,"Londres, Royal Academy of Arts",51.5094426,-0.1398686,1877_04
#8729,"Londres, Royal Academy of Arts",51.5094426,-0.1398686,1877_05
#8729,"Londres, Royal Academy of Arts",51.5094426,-0.1398686,1878_01
#8729,"Londres, Royal Academy of Arts",51.5094426,-0.1398686,1878_02
#8729,"Londres, Royal Academy of Arts",51.5094426,-0.1398686,1878_03
#8729,"Londres, Royal Academy of Arts",51.5094426,-0.1398686,1878_04
#8729,"Londres, Royal Academy of Arts",51.5094426,-0.1398686,1878_05
#8729,"Londres, Royal Academy of Arts",51.5094426,-0.1398686,1878_06
#8729,"Londres, Royal Academy of Arts",51.5094426,-0.1398686,1878_07
#8729,"Londres, Royal Academy of Arts",51.5094426,-0.1398686,1878_08
#8729,"Londres, Royal Academy of Arts",51.5094426,-0.1398686,1878_17
#8729,"Londres, Royal Academy of Arts",51.5094426,-0.1398686,1879_02
#8729,"Londres, Royal Academy of Arts",51.5094426,-0.1398686,1879_05
#8729,"Londres, Royal Academy of Arts",51.5094426,-0.1398686,1879_07
#8729,"Londres, Royal Academy of Arts",51.5094426,-0.1398686,1879_10
#8729,"Londres, Royal Academy of Arts",51.5094426,-0.1398686,1879_11
#8729,"Londres, Royal Academy of Arts",51.5094426,-0.1398686,1879_13
#8729,"Londres, Royal Academy of Arts",51.5094426,-0.1398686,1879_14
#8729,"Londres, Royal Academy of Arts",51.5094426,-0.1398686,1879_15
#8729,"Londres, Royal Academy of Arts",51.5094426,-0.1398686,1879_18
#8729,"Londres, Royal Academy of Arts",51.5094426,-0.1398686,1879_21
#8729,"Londres, Royal Academy of Arts",51.5094426,-0.1398686,1879_22
#8729,"Londres, Royal Academy of Arts",51.5094426,-0.1398686,1880_01
#8729,"Londres, Royal Academy of Arts",51.5094426,-0.1398686,1880_02
#8729,"Londres, Royal Academy of Arts",51.5094426,-0.1398686,1880_05
#8729,"Londres, Royal Academy of Arts",51.5094426,-0.1398686,1880_06
#8729,"Londres, Royal Academy of Arts",51.5094426,-0.1398686,1880_07
#8729,"Londres, Royal Academy of Arts",51.5094426,-0.1398686,1880_14
#8729,"Londres, Royal Academy of Arts",51.5094426,-0.1398686,1880_15
#8729,"Londres, Royal Academy of Arts",51.5094426,-0.1398686,1880_18
#8729,"Londres, Royal Academy of Arts",51.5094426,-0.1398686,1880_19
#8729,"Londres, Royal Academy of Arts",51.5094426,-0.1398686,1881_04
#8729,"Londres, Royal Academy of Arts",51.5094426,-0.1398686,1881_11
#8729,"Londres, Royal Academy of Arts",51.5094426,-0.1398686,1881_12
#8729,"Londres, Royal Academy of Arts",51.5094426,-0.1398686,1882_01
#8729,"Londres, Royal Academy of Arts",51.5094426,-0.1398686,1882_02
#8729,"Londres, Royal Academy of Arts",51.5094426,-0.1398686,1882_03
#8729,"Londres, Royal Academy of Arts",51.5094426,-0.1398686,1882_04
#8729,"Londres, Royal Academy of Arts",51.5094426,-0.1398686,1882_05
#8729,"Londres, Royal Academy of Arts",51.5094426,-0.1398686,1882_06
#8729,"Londres, Royal Academy of Arts",51.5094426,-0.1398686,1883_02
#8729,"Londres, Royal Academy of Arts",51.5094426,-0.1398686,1883_03
#8729,"Londres, Royal Academy of Arts",51.5094426,-0.1398686,1883_04
#8729,"Londres, Royal Academy of Arts",51.5094426,-0.1398686,1884_01
#8729,"Londres, Royal Academy of Arts",51.5094426,-0.1398686,1884_02
#8729,"Londres, Royal Academy of Arts",51.5094426,-0.1398686,1884_04
#8729,"Londres, Royal Academy of Arts",51.5094426,-0.1398686,1884_06
#8729,"Londres, Royal Academy of Arts",51.5094426,-0.1398686,1884_07
#8729,"Londres, Royal Academy of Arts",51.5094426,-0.1398686,1884_10
#8729,"Londres, Royal Academy of Arts",51.5094426,-0.1398686,1885_02
#8729,"Londres, Royal Academy of Arts",51.5094426,-0.1398686,1885_03
#8729,"Londres, Royal Academy of Arts",51.5094426,-0.1398686,1886_02
#8729,"Londres, Royal Academy of Arts",51.5094426,-0.1398686,1887_02
#8729,"Londres, Royal Academy of Arts",51.5094426,-0.1398686,1887_03
#8729,"Londres, Royal Academy of Arts",51.5094426,-0.1398686,1887_04
#8729,"Londres, Royal Academy of Arts",51.5094426,-0.1398686,1887_05
#8729,"Londres, Royal Academy of Arts",51.5094426,-0.1398686,1888_03
#8729,"Londres, Royal Academy of Arts",51.5094426,-0.1398686,1888_04
#8729,"Londres, Royal Academy of Arts",51.5094426,-0.1398686,1891_01
#8729,"Londres, Royal Academy of Arts",51.5094426,-0.1398686,1891_02
#8729,"Londres, Royal Academy of Arts",51.5094426,-0.1398686,1892_01
#8729,"Londres, Royal Academy of Arts",51.5094426,-0.1398686,1892_02
#8729,"Londres, Royal Academy of Arts",51.5094426,-0.1398686,1894_01
#8729,"Londres, Royal Academy of Arts",51.5094426,-0.1398686,1894_02
#8729,"Londres, Royal Academy of Arts",51.5094426,-0.1398686,1894_06
#8729,"Londres, Royal Academy of Arts",51.5094426,-0.1398686,1895_01
#8729,"Londres, Royal Academy of Arts",51.5094426,-0.1398686,1896_02
#8729,"Londres, Royal Academy of Arts",51.5094426,-0.1398686,1896_04
#8729,"Londres, Royal Academy of Arts",51.5094426,-0.1398686,1896_11
#8729,"Londres, Royal Academy of Arts",51.5094426,-0.1398686,1897_01
#8729,"Londres, Royal Academy of Arts",51.5094426,-0.1398686,1897_02
#8729,"Londres, Royal Academy of Arts",51.5094426,-0.1398686,1898_01
#8729,"Londres, Royal Academy of Arts",51.5094426,-0.1398686,1898_05
#8729,"Londres, Royal Academy of Arts",51.5094426,-0.1398686,1899_02
#11462,Heidelberg,49.3987524,8.6724335,1876_13
#11462,Heidelberg,49.3987524,8.6724335,1894_02
#9014,Berlin,52.5200066,13.404954,1865_01
#9014,Berlin,52.5200066,13.404954,1867_03
#9014,Berlin,52.5200066,13.404954,1886_06
#9014,Berlin,52.5200066,13.404954,1894_06
#8741,"Berlin, Exposition internationale des Beaux-Arts",52.5092431,13.3269635,1895_01
#8658,"Londres, Grafton Galleries",51.5099956,-0.1437178,1896_03
#11769,"Rome, Sciarra-Colonna, collection",41.8996159,12.4812815,1896_04
#11849,"Woodstock (Oxfordshire), Château de Blenheim",51.841365,-1.360972,1896_04
#11365,Bâle,47.5595986,7.5885761,1896_08
#11129,Calais,50.95129,1.858686,1896_08
#11827,Fribourg-en-Brisgau,47.9990077,7.8421043,1896_07
#11827,Fribourg-en-Brisgau,47.9990077,7.8421043,1896_08
#8769,"Londres, Exposition d'art international de la Société Internationale des sculpteurs, peintres et graveurs, 1898",51.5072178,-0.1275862,1898_05
#11814,"Amsterdam, Musée de la Ville",52.3699874,4.8899741,1898_07
#11814,"Amsterdam, Musée de la Ville",52.3699874,4.8899741,1899_01
#12020,Amsterdam,52.3675734,4.9041389,1898_07
#12020,Amsterdam,52.3675734,4.9041389,1899_01
#8652,"Karlsruhe, Kunsthalle",49.011816,8.399992,1899_02
#8652,"Karlsruhe, Kunsthalle",49.011816,8.399992,1899_05
#8771,"Paris, Exposition centennale de l’art français",48.8661091,2.3124544,1899_02
#8771,"Paris, Exposition centennale de l’art français",48.8661091,2.3124544,1900_01
#9484,"Paris, Exposition Universelle, 1900",48.856614,2.3522219,1899_02
#9484,"Paris, Exposition Universelle, 1900",48.856614,2.3522219,1899_05
#9484,"Paris, Exposition Universelle, 1900",48.856614,2.3522219,1900_01
#9484,"Paris, Exposition Universelle, 1900",48.856614,2.3522219,1900_03
#9484,"Paris, Exposition Universelle, 1900",48.856614,2.3522219,1900_04
