Source,Target
#1127,1858_01
#10493,1858_01
#10525,1858_01
#6708,1858_01
#1127,1858_02
#10370,1858_02
#1267,1858_02
#10493,1858_02
#6708,1858_02
#10550,1858_02
#10555,1858_02
#1127,1858_03
#10370,1858_03
#1267,1858_03
#2393,1858_03
#10488,1858_03
#10493,1858_03
#8316,1858_03
#6708,1858_03
#10555,1858_03
#11940,1858_03
#640,1858_04
#1116,1858_04
#1127,1858_04
#10368,1858_04
#10367,1858_04
#10370,1858_04
#1499,1858_04
#9331,1858_04
#1267,1858_04
#10493,1858_04
#7495,1858_04
#10525,1858_04
#10555,1858_04
#8319,1858_04
#10301,1858_05
#4546,1858_05
#1116,1858_05
#1127,1858_05
#10370,1858_05
#4472,1858_05
#9331,1858_05
#1267,1858_05
#6969,1858_05
#10493,1858_05
#10514,1858_05
#10526,1858_05
#6708,1858_05
#10555,1858_05
#1298,1858_05
#10585,1858_05
#1116,1859_01
#11798,1859_01
#1127,1859_01
#1267,1859_01
#6708,1859_01
#7494,1859_01
#10301,1859_02
#640,1859_02
#1116,1859_02
#163,1859_02
#1127,1859_02
#1267,1859_02
#1063,1859_02
#3352,1859_02
#10493,1859_02
#10525,1859_02
#6708,1859_02
#10555,1859_02
#8319,1859_02
#1079,1859_02
#1116,1859_03
#1127,1859_03
#1499,1859_03
#1267,1859_03
#3352,1859_03
#10493,1859_03
#8343,1859_03
#8316,1859_03
#6708,1859_03
#10555,1859_03
#7494,1859_03
#1116,1860_01
#1127,1860_01
#10370,1860_01
#10429,1860_01
#1267,1860_01
#7887,1860_01
#3352,1860_01
#10493,1860_01
#10525,1860_01
#10526,1860_01
#6708,1860_01
#10555,1860_01
#7494,1860_01
#10301,1862_01
#1163,1862_01
#640,1862_01
#1116,1862_01
#163,1862_01
#10338,1862_01
#10365,1862_01
#1127,1862_01
#10366,1862_01
#10367,1862_01
#1267,1862_01
#1063,1862_01
#3352,1862_01
#10493,1862_01
#6708,1862_01
#10064,1862_01
#6750,1862_01
#10555,1862_01
#1238,1862_01
#1127,1862_02
#6162,1862_02
#10539,1862_02
#10540,1862_02
#6708,1862_02
#10301,1863_01
#1163,1863_01
#8888,1863_01
#1127,1863_01
#10370,1863_01
#3352,1863_01
#10493,1863_01
#8316,1863_01
#10525,1863_01
#10540,1863_01
#10542,1863_01
#6708,1863_01
#10553,1863_01
#10555,1863_01
#10301,1865_01
#1127,1865_01
#4472,1865_01
#1455,1865_01
#1267,1865_01
#3352,1865_01
#8316,1865_01
#10540,1865_01
#10542,1865_01
#10283,1865_02
#2115,1865_02
#1116,1865_02
#163,1865_02
#10357,1865_02
#1127,1865_02
#1181,1865_02
#10382,1865_02
#10383,1865_02
#10400,1865_02
#1267,1865_02
#1063,1865_02
#3352,1865_02
#10525,1865_02
#6708,1865_02
#1079,1865_02
#1163,1865_03
#1116,1865_03
#1127,1865_03
#10382,1865_03
#2400,1865_03
#10429,1865_03
#3352,1865_03
#8316,1865_03
#6708,1865_03
#1079,1865_03
#1127,1865_04
#6708,1865_04
#10301,1865_05
#640,1865_05
#1116,1865_05
#1197,1865_05
#10332,1865_05
#163,1865_05
#1127,1865_05
#4472,1865_05
#1455,1865_05
#7427,1865_05
#1063,1865_05
#3352,1865_05
#10497,1865_05
#8316,1865_05
#6708,1865_05
#7494,1865_05
#10301,1865_06
#10332,1865_06
#1127,1865_06
#10383,1865_06
#3352,1865_06
#6708,1865_06
#640,1865_07
#1116,1865_07
#163,1865_07
#1127,1865_07
#10383,1865_07
#4472,1865_07
#7427,1865_07
#1063,1865_07
#3352,1865_07
#8316,1865_07
#6162,1865_07
#6708,1865_07
#1079,1865_07
#640,1865_08
#1116,1865_08
#163,1865_08
#1127,1865_08
#1063,1865_08
#6708,1865_08
#1127,1865_09
#6708,1865_09
#10301,1865_10
#1127,1865_10
#3352,1865_10
#10525,1865_10
#6708,1865_10
#7134,1865_10
#11799,1865_10
#10301,1865_11
#1127,1865_11
#6708,1865_11
#10301,1865_12
#640,1865_12
#1127,1865_12
#1086,1865_12
#3352,1865_12
#6708,1865_12
#1127,1865_13
#10400,1865_13
#3352,1865_13
#6708,1865_13
#10301,1865_14
#1301,1865_14
#1127,1865_14
#1086,1865_14
#1330,1865_14
#6162,1865_14
#9194,1865_14
#6708,1865_14
#10301,1865_15
#1127,1865_15
#10400,1865_15
#1086,1865_15
#3352,1865_15
#1330,1865_15
#8316,1865_15
#6162,1865_15
#10539,1865_15
#6708,1865_15
#7494,1865_15
#10301,1865_16
#1163,1865_16
#1127,1865_16
#10400,1865_16
#3352,1865_16
#1330,1865_16
#11802,1865_16
#6162,1865_16
#9194,1865_16
#10539,1865_16
#6708,1865_16
#11799,1865_16
#10301,1866_01
#1163,1866_01
#1127,1866_01
#10400,1866_01
#10429,1866_01
#3352,1866_01
#8316,1866_01
#9194,1866_01
#10541,1866_01
#6708,1866_01
#7494,1866_01
#7480,1866_01
#1504,1866_02
#10270,1866_02
#10301,1866_02
#1116,1866_02
#1127,1866_02
#1086,1866_02
#6708,1866_02
#10560,1866_02
#1079,1866_02
#1504,1867_01
#640,1867_01
#1116,1867_01
#1301,1867_01
#2798,1867_01
#10365,1867_01
#1127,1867_01
#1063,1867_01
#6162,1867_01
#10534,1867_01
#6708,1867_01
#286,1867_01
#10365,1867_02
#1127,1867_02
#6708,1867_02
#10281,1867_03
#10301,1867_03
#640,1867_03
#1116,1867_03
#2798,1867_03
#1127,1867_03
#1069,1867_03
#11656,1867_03
#10525,1867_03
#10526,1867_03
#10534,1867_03
#2021,1867_03
#6708,1867_03
#286,1867_03
#1085,1867_03
#1428,1868_01
#8888,1868_01
#640,1868_01
#1116,1868_01
#163,1868_01
#1127,1868_01
#1086,1868_01
#1063,1868_01
#2393,1868_01
#3352,1868_01
#6162,1868_01
#10542,1868_01
#6708,1868_01
#11799,1868_01
#10560,1868_01
#1238,1868_01
#2314,1869_01
#640,1869_01
#1116,1869_01
#1338,1869_01
#11945,1869_01
#1127,1869_01
#10366,1869_01
#10378,1869_01
#10429,1869_01
#1086,1869_01
#3352,1869_01
#10542,1869_01
#6708,1869_01
#7494,1869_01
#1127,1869_02
#10366,1869_02
#11813,1869_02
#1267,1869_02
#1086,1869_02
#3352,1869_02
#6708,1869_02
#1079,1869_02
#1127,1870_01
#10525,1870_01
#10526,1870_01
#6708,1870_01
#10560,1870_01
#10278,1870_02
#10285,1870_02
#2416,1870_02
#1127,1870_02
#10366,1870_02
#10330,1870_02
#1216,1870_02
#1086,1870_02
#11820,1870_02
#3352,1870_02
#1186,1870_02
#10541,1870_02
#10542,1870_02
#6708,1870_02
#10560,1870_02
#286,1870_02
#10278,1870_03
#1127,1870_03
#10366,1870_03
#10330,1870_03
#1086,1870_03
#6708,1870_03
#10560,1870_03
#10278,1870_04
#2918,1870_04
#1127,1870_04
#10366,1870_04
#10330,1870_04
#10449,1870_04
#1086,1870_04
#6708,1870_04
#10560,1870_04
#2918,1871_01
#2416,1871_01
#1116,1871_01
#10357,1871_01
#1127,1871_01
#10366,1871_01
#5377,1871_01
#1216,1871_01
#1267,1871_01
#1086,1871_01
#4410,1871_01
#1072,1871_01
#6162,1871_01
#10543,1871_01
#6708,1871_01
#10560,1871_01
#10575,1871_01
#1079,1871_01
#10278,1871_02
#2918,1871_02
#2416,1871_02
#10301,1871_02
#3372,1871_02
#640,1871_02
#1116,1871_02
#10324,1871_02
#2798,1871_02
#10357,1871_02
#5297,1871_02
#1127,1871_02
#10366,1871_02
#5617,1871_02
#5377,1871_02
#4472,1871_02
#10330,1871_02
#10411,1871_02
#1267,1871_02
#1196,1871_02
#11826,1871_02
#10449,1871_02
#1086,1871_02
#10459,1871_02
#5917,1871_02
#4410,1871_02
#3352,1871_02
#11824,1871_02
#11822,1871_02
#6162,1871_02
#10543,1871_02
#6708,1871_02
#10571,1871_02
#286,1871_02
#8319,1871_02
#10575,1871_02
#4657,1871_02
#1238,1871_02
#1079,1871_02
#1116,1871_03
#10357,1871_03
#10358,1871_03
#1127,1871_03
#6708,1871_03
#134,1871_04
#640,1871_04
#1116,1871_04
#463,1871_04
#163,1871_04
#1127,1871_04
#2390,1871_04
#7427,1871_04
#1267,1871_04
#10449,1871_04
#1086,1871_04
#9347,1871_04
#5917,1871_04
#1063,1871_04
#3352,1871_04
#8343,1871_04
#10543,1871_04
#6708,1871_04
#1079,1871_04
#10278,1871_05
#1266,1871_05
#1116,1871_05
#11830,1871_05
#463,1871_05
#10351,1871_05
#10357,1871_05
#10358,1871_05
#1127,1871_05
#10366,1871_05
#10330,1871_05
#10424,1871_05
#1267,1871_05
#1086,1871_05
#5579,1871_05
#10543,1871_05
#6708,1871_05
#11799,1871_05
#8318,1871_05
#8319,1871_05
#7494,1871_05
#1079,1871_05
#10351,1871_06
#10357,1871_06
#10358,1871_06
#1127,1871_06
#10426,1871_06
#10449,1871_06
#1086,1871_06
#3352,1871_06
#10525,1871_06
#10541,1871_06
#10542,1871_06
#10543,1871_06
#6708,1871_06
#286,1871_06
#1079,1871_06
#134,1871_07
#163,1871_07
#10357,1871_07
#1127,1871_07
#3352,1871_07
#6708,1871_07
#10278,1871_08
#10281,1871_08
#1116,1871_08
#463,1871_08
#10351,1871_08
#10357,1871_08
#10358,1871_08
#1127,1871_08
#10366,1871_08
#1086,1871_08
#10459,1871_08
#10525,1871_08
#10526,1871_08
#10543,1871_08
#6708,1871_08
#10578,1871_08
#1079,1871_08
#10278,1871_09
#2918,1871_09
#5508,1871_09
#10357,1871_09
#1127,1871_09
#4472,1871_09
#10422,1871_09
#9331,1871_09
#1267,1871_09
#10449,1871_09
#1086,1871_09
#10525,1871_09
#10526,1871_09
#10543,1871_09
#6708,1871_09
#6750,1871_09
#10560,1871_09
#8319,1871_09
#11940,1871_09
#1238,1871_09
#1079,1871_09
#10301,1872_01
#6243,1872_01
#1116,1872_01
#1232,1872_01
#10357,1872_01
#10358,1872_01
#1127,1872_01
#1086,1872_01
#5917,1872_01
#3352,1872_01
#10542,1872_01
#10543,1872_01
#6708,1872_01
#286,1872_01
#6243,1872_02
#10351,1872_02
#10357,1872_02
#10358,1872_02
#1127,1872_02
#10366,1872_02
#1456,1872_02
#1267,1872_02
#1086,1872_02
#5917,1872_02
#10543,1872_02
#6708,1872_02
#1079,1872_02
#10281,1872_03
#6243,1872_03
#10351,1872_03
#1232,1872_03
#10357,1872_03
#1127,1872_03
#1086,1872_03
#10543,1872_03
#6708,1872_03
#1079,1872_03
#10281,1872_04
#11942,1872_04
#6243,1872_04
#1116,1872_04
#10336,1872_04
#10351,1872_04
#1232,1872_04
#10357,1872_04
#10358,1872_04
#1127,1872_04
#10366,1872_04
#10368,1872_04
#10367,1872_04
#2204,1872_04
#1267,1872_04
#1249,1872_04
#1086,1872_04
#10543,1872_04
#6708,1872_04
#10571,1872_04
#1079,1872_04
#1116,1873_01
#1232,1873_01
#10357,1873_01
#1127,1873_01
#10368,1873_01
#10367,1873_01
#1249,1873_01
#1086,1873_01
#10543,1873_01
#6708,1873_01
#1079,1873_01
#10278,1873_02
#10336,1873_02
#10351,1873_02
#1232,1873_02
#10357,1873_02
#10358,1873_02
#1127,1873_02
#10366,1873_02
#1267,1873_02
#10449,1873_02
#1086,1873_02
#10543,1873_02
#6708,1873_02
#286,1873_02
#1079,1873_02
#10336,1873_03
#10351,1873_03
#10357,1873_03
#1127,1873_03
#10449,1873_03
#1086,1873_03
#1152,1873_03
#10525,1873_03
#10543,1873_03
#6708,1873_03
#6750,1873_03
#286,1873_03
#1079,1873_03
#6243,1873_04
#10351,1873_04
#1232,1873_04
#10357,1873_04
#10358,1873_04
#1127,1873_04
#10366,1873_04
#7599,1873_04
#1267,1873_04
#1086,1873_04
#1063,1873_04
#10481,1873_04
#10483,1873_04
#10505,1873_04
#10516,1873_04
#10525,1873_04
#10526,1873_04
#10543,1873_04
#6708,1873_04
#286,1873_04
#1079,1873_04
#10351,1873_05
#10357,1873_05
#1127,1873_05
#10366,1873_05
#10543,1873_05
#6708,1873_05
#1079,1873_05
#6243,1874_01
#11947,1874_01
#10336,1874_01
#10351,1874_01
#1232,1874_01
#10357,1874_01
#1127,1874_01
#10366,1874_01
#10449,1874_01
#1086,1874_01
#10459,1874_01
#10540,1874_01
#10543,1874_01
#6708,1874_01
#11799,1874_01
#286,1874_01
#1079,1874_01
#10336,1874_02
#10351,1874_02
#10357,1874_02
#10358,1874_02
#1127,1874_02
#10366,1874_02
#10449,1874_02
#1086,1874_02
#10459,1874_02
#1078,1874_02
#1072,1874_02
#10543,1874_02
#6708,1874_02
#6750,1874_02
#558,1874_02
#10560,1874_02
#4862,1874_02
#10283,1874_03
#6243,1874_03
#10336,1874_03
#10351,1874_03
#10357,1874_03
#1127,1874_03
#10366,1874_03
#10449,1874_03
#1086,1874_03
#1063,1874_03
#1078,1874_03
#1072,1874_03
#6708,1874_03
#558,1874_03
#1079,1874_03
#463,1874_04
#10351,1874_04
#1127,1874_04
#10366,1874_04
#10367,1874_04
#7427,1874_04
#10449,1874_04
#1086,1874_04
#1078,1874_04
#1072,1874_04
#10509,1874_04
#1154,1874_04
#10543,1874_04
#6708,1874_04
#558,1874_04
#7755,1874_04
#6243,1874_05
#10351,1874_05
#10357,1874_05
#1127,1874_05
#7427,1874_05
#1267,1874_05
#1249,1874_05
#10543,1874_05
#6708,1874_05
#7494,1874_05
#1079,1874_05
#10351,1874_06
#1127,1874_06
#10366,1874_06
#3693,1874_06
#1267,1874_06
#1086,1874_06
#6708,1874_06
#10550,1874_06
#7782,1874_06
#1079,1874_06
#6243,1874_07
#640,1874_07
#463,1874_07
#10336,1874_07
#10351,1874_07
#1232,1874_07
#10357,1874_07
#10360,1874_07
#1127,1874_07
#10366,1874_07
#1267,1874_07
#10449,1874_07
#1086,1874_07
#1063,1874_07
#1154,1874_07
#10543,1874_07
#6708,1874_07
#1079,1874_07
#1986,1874_08
#5508,1874_08
#163,1874_08
#10336,1874_08
#10351,1874_08
#1232,1874_08
#10357,1874_08
#10360,1874_08
#1127,1874_08
#10366,1874_08
#2390,1874_08
#1267,1874_08
#1063,1874_08
#1154,1874_08
#10543,1874_08
#6708,1874_08
#6750,1874_08
#6243,1875_01
#640,1875_01
#463,1875_01
#163,1875_01
#10336,1875_01
#10351,1875_01
#1232,1875_01
#10357,1875_01
#10358,1875_01
#10360,1875_01
#1127,1875_01
#10366,1875_01
#2390,1875_01
#10422,1875_01
#10432,1875_01
#1267,1875_01
#10449,1875_01
#8316,1875_01
#10543,1875_01
#6708,1875_01
#1079,1875_01
#640,1875_02
#10351,1875_02
#10357,1875_02
#10358,1875_02
#10360,1875_02
#1127,1875_02
#7599,1875_02
#7427,1875_02
#10449,1875_02
#1086,1875_02
#9226,1875_02
#1063,1875_02
#1176,1875_02
#10543,1875_02
#6708,1875_02
#2918,1875_03
#1986,1875_03
#640,1875_03
#10351,1875_03
#10357,1875_03
#10358,1875_03
#10360,1875_03
#1127,1875_03
#7427,1875_03
#10422,1875_03
#1267,1875_03
#10449,1875_03
#1086,1875_03
#9226,1875_03
#1063,1875_03
#8316,1875_03
#10543,1875_03
#6708,1875_03
#1079,1875_03
#10290,1875_04
#10305,1875_04
#640,1875_04
#1116,1875_04
#10351,1875_04
#10357,1875_04
#10358,1875_04
#10360,1875_04
#1127,1875_04
#1267,1875_04
#10449,1875_04
#1086,1875_04
#9226,1875_04
#10543,1875_04
#6708,1875_04
#1079,1875_04
#6243,1875_05
#640,1875_05
#10336,1875_05
#10351,1875_05
#10357,1875_05
#10358,1875_05
#10360,1875_05
#1127,1875_05
#1267,1875_05
#10449,1875_05
#1086,1875_05
#10453,1875_05
#9226,1875_05
#1063,1875_05
#1078,1875_05
#1152,1875_05
#1072,1875_05
#1154,1875_05
#6708,1875_05
#558,1875_05
#1079,1875_05
#10357,1875_06
#10358,1875_06
#1127,1875_06
#10366,1875_06
#10543,1875_06
#6708,1875_06
#10360,1875_07
#1127,1875_07
#10543,1875_07
#6708,1875_07
#10336,1875_08
#10351,1875_08
#10357,1875_08
#10358,1875_08
#10360,1875_08
#1127,1875_08
#10366,1875_08
#10482,1875_08
#10543,1875_08
#6708,1875_08
#6243,1875_09
#640,1875_09
#10336,1875_09
#10351,1875_09
#10357,1875_09
#10358,1875_09
#1127,1875_09
#1249,1875_09
#10449,1875_09
#1063,1875_09
#10543,1875_09
#6708,1875_09
#640,1875_10
#10336,1875_10
#10351,1875_10
#10357,1875_10
#10358,1875_10
#1127,1875_10
#1249,1875_10
#1063,1875_10
#10543,1875_10
#6708,1875_10
#640,1875_11
#10349,1875_11
#10357,1875_11
#10358,1875_11
#1127,1875_11
#2390,1875_11
#1086,1875_11
#1063,1875_11
#1186,1875_11
#10543,1875_11
#6708,1875_11
#10546,1875_11
#1238,1875_11
#10351,1875_12
#10357,1875_12
#10358,1875_12
#10360,1875_12
#1127,1875_12
#10541,1875_12
#10543,1875_12
#6708,1875_12
#10351,1875_13
#10357,1875_13
#10358,1875_13
#10360,1875_13
#1127,1875_13
#10543,1875_13
#6708,1875_13
#10351,1875_14
#10360,1875_14
#1127,1875_14
#10541,1875_14
#10542,1875_14
#6708,1875_14
#5508,1875_15
#8335,1875_15
#1163,1875_15
#10349,1875_15
#11949,1875_15
#11950,1875_15
#10351,1875_15
#10360,1875_15
#1127,1875_15
#10405,1875_15
#10429,1875_15
#10512,1875_15
#10539,1875_15
#10540,1875_15
#10542,1875_15
#10543,1875_15
#6708,1875_15
#1323,1875_15
#286,1875_15
#1238,1875_15
#11949,1875_16
#11950,1875_16
#10351,1875_16
#10357,1875_16
#10358,1875_16
#1127,1875_16
#10543,1875_16
#6708,1875_16
#1427,1875_17
#2109,1875_17
#10336,1875_17
#11949,1875_17
#11950,1875_17
#10351,1875_17
#10357,1875_17
#10358,1875_17
#1127,1875_17
#10469,1875_17
#10482,1875_17
#10543,1875_17
#6708,1875_17
#1323,1875_17
#286,1875_17
#1986,1875_18
#10351,1875_18
#10357,1875_18
#10358,1875_18
#1127,1875_18
#10543,1875_18
#6708,1875_18
#2314,1876_01
#1986,1876_01
#10336,1876_01
#11950,1876_01
#10351,1876_01
#10357,1876_01
#10358,1876_01
#10360,1876_01
#1127,1876_01
#10481,1876_01
#10543,1876_01
#6708,1876_01
#1986,1876_02
#10336,1876_02
#11950,1876_02
#10351,1876_02
#10357,1876_02
#10358,1876_02
#1127,1876_02
#1086,1876_02
#10543,1876_02
#6708,1876_02
#1238,1876_02
#2480,1876_02
#1986,1876_03
#463,1876_03
#11949,1876_03
#10351,1876_03
#10357,1876_03
#10358,1876_03
#1127,1876_03
#1086,1876_03
#1063,1876_03
#10482,1876_03
#10543,1876_03
#6708,1876_03
#10548,1876_03
#1079,1876_03
#10583,1876_03
#163,1876_04
#10351,1876_04
#10358,1876_04
#1127,1876_04
#1086,1876_04
#8314,1876_04
#10543,1876_04
#6708,1876_04
#463,1876_05
#10336,1876_05
#10351,1876_05
#10357,1876_05
#10358,1876_05
#1127,1876_05
#10543,1876_05
#6708,1876_05
#1079,1876_05
#10336,1876_06
#10351,1876_06
#10357,1876_06
#10358,1876_06
#10360,1876_06
#1127,1876_06
#1249,1876_06
#10543,1876_06
#6708,1876_06
#1238,1876_06
#11949,1876_07
#11950,1876_07
#10351,1876_07
#10357,1876_07
#10358,1876_07
#10360,1876_07
#1127,1876_07
#1267,1876_07
#1249,1876_07
#10449,1876_07
#1086,1876_07
#10543,1876_07
#6708,1876_07
#1986,1876_08
#10349,1876_08
#11949,1876_08
#11950,1876_08
#10351,1876_08
#1232,1876_08
#10358,1876_08
#1127,1876_08
#1086,1876_08
#1078,1876_08
#1072,1876_08
#10543,1876_08
#6708,1876_08
#10351,1876_09
#10357,1876_09
#1127,1876_09
#10543,1876_09
#6708,1876_09
#10351,1876_10
#10357,1876_10
#10358,1876_10
#1127,1876_10
#10543,1876_10
#6708,1876_10
#10351,1876_11
#10357,1876_11
#10358,1876_11
#10360,1876_11
#1127,1876_11
#10426,1876_11
#10543,1876_11
#6708,1876_11
#1079,1876_11
#10349,1876_12
#11949,1876_12
#11950,1876_12
#10351,1876_12
#10358,1876_12
#1127,1876_12
#10543,1876_12
#6708,1876_12
#4546,1876_13
#1127,1876_13
#10432,1876_13
#10449,1876_13
#10543,1876_13
#6708,1876_13
#1238,1876_13
#4546,1876_14
#10351,1876_14
#10357,1876_14
#10358,1876_14
#1127,1876_14
#1080,1876_14
#8316,1876_14
#10543,1876_14
#6708,1876_14
#286,1876_14
#1238,1876_14
#4546,1876_15
#463,1876_15
#10351,1876_15
#10357,1876_15
#1127,1876_15
#9230,1876_15
#1196,1876_15
#1080,1876_15
#1086,1876_15
#6852,1876_15
#1171,1876_15
#10543,1876_15
#6708,1876_15
#1238,1876_15
#10351,1876_16
#10357,1876_16
#10358,1876_16
#1127,1876_16
#10543,1876_16
#6708,1876_16
#1238,1876_16
#10336,1876_17
#10351,1876_17
#10357,1876_17
#10358,1876_17
#1127,1876_17
#10477,1876_17
#10479,1876_17
#10543,1876_17
#6708,1876_17
#10583,1876_17
#10357,1876_18
#10358,1876_18
#1127,1876_18
#6708,1876_18
#6243,1877_01
#10336,1877_01
#10351,1877_01
#10357,1877_01
#1127,1877_01
#4472,1877_01
#2400,1877_01
#8316,1877_01
#10543,1877_01
#6708,1877_01
#10548,1877_01
#11940,1877_01
#463,1877_02
#10336,1877_02
#10349,1877_02
#10351,1877_02
#10357,1877_02
#10358,1877_02
#1127,1877_02
#10368,1877_02
#1086,1877_02
#10543,1877_02
#6708,1877_02
#6243,1877_03
#463,1877_03
#10336,1877_03
#10351,1877_03
#10357,1877_03
#10358,1877_03
#1127,1877_03
#10543,1877_03
#6708,1877_03
#10548,1877_03
#2918,1877_04
#1986,1877_04
#5508,1877_04
#6243,1877_04
#10314,1877_04
#640,1877_04
#463,1877_04
#163,1877_04
#10349,1877_04
#10351,1877_04
#10357,1877_04
#10360,1877_04
#1127,1877_04
#1216,1877_04
#7427,1877_04
#10432,1877_04
#10449,1877_04
#1086,1877_04
#1063,1877_04
#1078,1877_04
#1152,1877_04
#1072,1877_04
#1154,1877_04
#10543,1877_04
#6708,1877_04
#6750,1877_04
#558,1877_04
#1238,1877_04
#134,1877_05
#1986,1877_05
#10351,1877_05
#3673,1877_05
#10357,1877_05
#10358,1877_05
#10360,1877_05
#6118,1877_05
#1127,1877_05
#10432,1877_05
#1267,1877_05
#7081,1877_05
#10543,1877_05
#6708,1877_05
#1238,1877_05
#134,1877_06
#10349,1877_06
#10351,1877_06
#10357,1877_06
#10358,1877_06
#10360,1877_06
#6118,1877_06
#1127,1877_06
#7081,1877_06
#8316,1877_06
#6708,1877_06
#6243,1877_07
#10317,1877_07
#640,1877_07
#463,1877_07
#163,1877_07
#10336,1877_07
#10349,1877_07
#11949,1877_07
#11950,1877_07
#10351,1877_07
#10357,1877_07
#10358,1877_07
#10360,1877_07
#6118,1877_07
#1127,1877_07
#1267,1877_07
#1249,1877_07
#1063,1877_07
#10543,1877_07
#6708,1877_07
#5445,1877_08
#6243,1877_08
#640,1877_08
#10320,1877_08
#463,1877_08
#163,1877_08
#10357,1877_08
#10358,1877_08
#6118,1877_08
#1127,1877_08
#1267,1877_08
#11826,1877_08
#1249,1877_08
#1086,1877_08
#1063,1877_08
#10503,1877_08
#6708,1877_08
#1079,1877_08
#10357,1877_09
#10358,1877_09
#1127,1877_09
#10432,1877_09
#10543,1877_09
#6708,1877_09
#1238,1877_09
#1116,1878_01
#10349,1878_01
#11949,1878_01
#11950,1878_01
#10351,1878_01
#10357,1878_01
#10358,1878_01
#10347,1878_01
#1127,1878_01
#10368,1878_01
#10432,1878_01
#1267,1878_01
#10449,1878_01
#1086,1878_01
#10540,1878_01
#10541,1878_01
#6708,1878_01
#286,1878_01
#1238,1878_01
#1079,1878_01
#10349,1878_02
#11949,1878_02
#11950,1878_02
#10351,1878_02
#10357,1878_02
#10358,1878_02
#10347,1878_02
#10360,1878_02
#1127,1878_02
#10432,1878_02
#1267,1878_02
#10449,1878_02
#1086,1878_02
#10543,1878_02
#6708,1878_02
#286,1878_02
#1079,1878_02
#10349,1878_03
#11949,1878_03
#11950,1878_03
#10357,1878_03
#10358,1878_03
#10360,1878_03
#1127,1878_03
#10543,1878_03
#6708,1878_03
#10272,1878_04
#10273,1878_04
#10351,1878_04
#10357,1878_04
#10358,1878_04
#10360,1878_04
#1127,1878_04
#10459,1878_04
#10543,1878_04
#6708,1878_04
#10578,1878_04
#5726,1878_05
#1609,1878_05
#10351,1878_05
#10357,1878_05
#10358,1878_05
#10360,1878_05
#1127,1878_05
#1069,1878_05
#1249,1878_05
#2171,1878_05
#10543,1878_05
#6708,1878_05
#10351,1878_06
#10357,1878_06
#10358,1878_06
#10360,1878_06
#1127,1878_06
#1267,1878_06
#5917,1878_06
#10543,1878_06
#6708,1878_06
#1079,1878_06
#640,1878_07
#1116,1878_07
#2798,1878_07
#10351,1878_07
#1136,1878_07
#10357,1878_07
#10358,1878_07
#10360,1878_07
#1127,1878_07
#10389,1878_07
#10408,1878_07
#81,1878_07
#10455,1878_07
#1204,1878_07
#6338,1878_07
#5917,1878_07
#1063,1878_07
#2021,1878_07
#6708,1878_07
#7755,1878_07
#5508,1878_08
#6243,1878_08
#1116,1878_08
#463,1878_08
#10351,1878_08
#3673,1878_08
#10358,1878_08
#10360,1878_08
#1127,1878_08
#3498,1878_08
#1080,1878_08
#1249,1878_08
#1086,1878_08
#3352,1878_08
#10541,1878_08
#10542,1878_08
#10543,1878_08
#6708,1878_08
#6243,1878_09
#10351,1878_09
#3673,1878_09
#10358,1878_09
#10360,1878_09
#1127,1878_09
#1249,1878_09
#1086,1878_09
#10543,1878_09
#6708,1878_09
#6243,1878_10
#10351,1878_10
#10360,1878_10
#1127,1878_10
#1249,1878_10
#1171,1878_10
#5917,1878_10
#10543,1878_10
#6708,1878_10
#10351,1878_11
#10347,1878_11
#10360,1878_11
#1127,1878_11
#10539,1878_11
#10540,1878_11
#10541,1878_11
#10542,1878_11
#10543,1878_11
#6708,1878_11
#6750,1878_11
#9825,1878_12
#640,1878_12
#1116,1878_12
#2798,1878_12
#163,1878_12
#2455,1878_12
#10351,1878_12
#1232,1878_12
#10360,1878_12
#1127,1878_12
#10520,1878_12
#2021,1878_12
#10543,1878_12
#6708,1878_12
#7755,1878_12
#1085,1878_12
#2314,1878_13
#9825,1878_13
#640,1878_13
#1116,1878_13
#2798,1878_13
#2292,1878_13
#163,1878_13
#2455,1878_13
#10349,1878_13
#11949,1878_13
#11950,1878_13
#10351,1878_13
#1232,1878_13
#10357,1878_13
#10358,1878_13
#10347,1878_13
#10360,1878_13
#1127,1878_13
#9110,1878_13
#5434,1878_13
#1063,1878_13
#10520,1878_13
#2021,1878_13
#10541,1878_13
#10542,1878_13
#10543,1878_13
#6708,1878_13
#7755,1878_13
#1085,1878_13
#2314,1878_14
#9825,1878_14
#640,1878_14
#1116,1878_14
#2798,1878_14
#163,1878_14
#2455,1878_14
#10351,1878_14
#1232,1878_14
#10357,1878_14
#10358,1878_14
#10347,1878_14
#10360,1878_14
#1127,1878_14
#9110,1878_14
#1063,1878_14
#10520,1878_14
#2021,1878_14
#10541,1878_14
#10542,1878_14
#6708,1878_14
#7755,1878_14
#1085,1878_14
#9825,1878_15
#640,1878_15
#1116,1878_15
#2798,1878_15
#163,1878_15
#2455,1878_15
#10351,1878_15
#1232,1878_15
#10357,1878_15
#10358,1878_15
#10347,1878_15
#10360,1878_15
#1127,1878_15
#1313,1878_15
#10464,1878_15
#1063,1878_15
#10520,1878_15
#2021,1878_15
#10543,1878_15
#6708,1878_15
#7755,1878_15
#1085,1878_15
#10351,1878_16
#1232,1878_16
#10357,1878_16
#10358,1878_16
#10360,1878_16
#1127,1878_16
#1063,1878_16
#10543,1878_16
#6708,1878_16
#10351,1878_17
#10357,1878_17
#10360,1878_17
#1127,1878_17
#10464,1878_17
#1063,1878_17
#5169,1878_17
#10543,1878_17
#6708,1878_17
#4657,1878_17
#1079,1878_17
#10351,1878_18
#1127,1878_18
#1171,1878_18
#10464,1878_18
#5169,1878_18
#10543,1878_18
#6708,1878_18
#1079,1878_18
#10351,1878_19
#10360,1878_19
#1127,1878_19
#1171,1878_19
#10464,1878_19
#5169,1878_19
#10543,1878_19
#6708,1878_19
#1079,1878_19
#10347,1879_01
#10360,1879_01
#1127,1879_01
#10543,1879_01
#6708,1879_01
#1238,1879_01
#10351,1879_02
#10360,1879_02
#1127,1879_02
#2390,1879_02
#1171,1879_02
#10541,1879_02
#10542,1879_02
#10543,1879_02
#6708,1879_02
#1127,1879_03
#1171,1879_03
#6708,1879_03
#1427,1879_04
#10283,1879_04
#1428,1879_04
#4546,1879_04
#10351,1879_04
#10347,1879_04
#10360,1879_04
#1127,1879_04
#1171,1879_04
#10543,1879_04
#6708,1879_04
#6750,1879_04
#286,1879_04
#1238,1879_04
#1428,1879_05
#1986,1879_05
#4546,1879_05
#10351,1879_05
#10357,1879_05
#10358,1879_05
#10347,1879_05
#10360,1879_05
#1127,1879_05
#2390,1879_05
#10387,1879_05
#1171,1879_05
#2393,1879_05
#10543,1879_05
#6708,1879_05
#286,1879_05
#1238,1879_05
#10587,1879_05
#1986,1879_06
#10303,1879_06
#10351,1879_06
#10357,1879_06
#10358,1879_06
#10347,1879_06
#10360,1879_06
#1127,1879_06
#2390,1879_06
#10387,1879_06
#1171,1879_06
#10523,1879_06
#10543,1879_06
#6708,1879_06
#6750,1879_06
#286,1879_06
#1238,1879_06
#2314,1879_07
#5820,1879_07
#4546,1879_07
#1197,1879_07
#10351,1879_07
#10357,1879_07
#10358,1879_07
#10360,1879_07
#1127,1879_07
#10311,1879_07
#4472,1879_07
#2400,1879_07
#1499,1879_07
#1171,1879_07
#7079,1879_07
#10543,1879_07
#6708,1879_07
#3277,1879_07
#10351,1879_08
#10360,1879_08
#1127,1879_08
#3352,1879_08
#10543,1879_08
#6708,1879_08
#10548,1879_08
#10357,1879_09
#10358,1879_09
#10360,1879_09
#6118,1879_09
#1127,1879_09
#5917,1879_09
#5169,1879_09
#10543,1879_09
#6708,1879_09
#10548,1879_09
#1079,1879_09
#10351,1879_10
#10357,1879_10
#10358,1879_10
#10360,1879_10
#1127,1879_10
#10543,1879_10
#6708,1879_10
#2918,1879_11
#716,1879_11
#463,1879_11
#163,1879_11
#10344,1879_11
#10349,1879_11
#10351,1879_11
#10357,1879_11
#10358,1879_11
#10360,1879_11
#6118,1879_11
#1127,1879_11
#7427,1879_11
#1086,1879_11
#1078,1879_11
#1152,1879_11
#1072,1879_11
#1154,1879_11
#10522,1879_11
#5169,1879_11
#10543,1879_11
#6708,1879_11
#558,1879_11
#1079,1879_11
#2480,1879_11
#6118,1879_12
#1127,1879_12
#6708,1879_12
#4546,1879_13
#1116,1879_13
#10351,1879_13
#10357,1879_13
#10358,1879_13
#10360,1879_13
#6118,1879_13
#1127,1879_13
#10391,1879_13
#1267,1879_13
#1171,1879_13
#5917,1879_13
#10522,1879_13
#10543,1879_13
#6708,1879_13
#1079,1879_13
#10276,1879_14
#7818,1879_14
#1074,1879_14
#1266,1879_14
#6243,1879_14
#10351,1879_14
#10357,1879_14
#10358,1879_14
#10360,1879_14
#6118,1879_14
#1127,1879_14
#10366,1879_14
#10367,1879_14
#1267,1879_14
#1086,1879_14
#10522,1879_14
#10543,1879_14
#6708,1879_14
#1079,1879_14
#163,1879_15
#10351,1879_15
#10357,1879_15
#10358,1879_15
#10360,1879_15
#6118,1879_15
#1127,1879_15
#10522,1879_15
#10543,1879_15
#6708,1879_15
#6750,1879_15
#6243,1879_16
#10351,1879_16
#10360,1879_16
#6118,1879_16
#1127,1879_16
#10543,1879_16
#6708,1879_16
#6243,1879_17
#10360,1879_17
#1127,1879_17
#10449,1879_17
#10543,1879_17
#6708,1879_17
#10351,1879_18
#10358,1879_18
#10360,1879_18
#1127,1879_18
#5139,1879_18
#10543,1879_18
#6708,1879_18
#8319,1879_18
#10351,1879_19
#10357,1879_19
#1127,1879_19
#6708,1879_19
#10548,1879_19
#2455,1879_20
#10349,1879_20
#10351,1879_20
#10360,1879_20
#1127,1879_20
#1063,1879_20
#2021,1879_20
#6708,1879_20
#1079,1879_20
#5508,1879_21
#3372,1879_21
#10349,1879_21
#11949,1879_21
#11950,1879_21
#10351,1879_21
#3673,1879_21
#10357,1879_21
#10358,1879_21
#10360,1879_21
#1127,1879_21
#10426,1879_21
#1267,1879_21
#1249,1879_21
#2393,1879_21
#6708,1879_21
#6750,1879_21
#1986,1879_22
#10351,1879_22
#3673,1879_22
#10357,1879_22
#10358,1879_22
#10360,1879_22
#1127,1879_22
#10543,1879_22
#6708,1879_22
#286,1879_22
#1986,1880_01
#10349,1880_01
#11949,1880_01
#11950,1880_01
#10351,1880_01
#10358,1880_01
#10360,1880_01
#1127,1880_01
#2390,1880_01
#6708,1880_01
#286,1880_01
#1986,1880_02
#5508,1880_02
#6243,1880_02
#11947,1880_02
#10349,1880_02
#11949,1880_02
#11950,1880_02
#10351,1880_02
#10358,1880_02
#1127,1880_02
#2390,1880_02
#10543,1880_02
#6708,1880_02
#6750,1880_02
#286,1880_02
#1238,1880_02
#10351,1880_03
#3673,1880_03
#10360,1880_03
#1127,1880_03
#10523,1880_03
#6708,1880_03
#10358,1880_04
#1127,1880_04
#6708,1880_04
#6243,1880_05
#10351,1880_05
#3673,1880_05
#10358,1880_05
#10360,1880_05
#6118,1880_05
#1127,1880_05
#8312,1880_05
#1249,1880_05
#1171,1880_05
#5917,1880_05
#10543,1880_05
#6708,1880_05
#286,1880_05
#6243,1880_06
#463,1880_06
#10351,1880_06
#3673,1880_06
#10360,1880_06
#1127,1880_06
#1249,1880_06
#1171,1880_06
#5917,1880_06
#10543,1880_06
#6708,1880_06
#6243,1880_07
#10351,1880_07
#3673,1880_07
#10358,1880_07
#10360,1880_07
#6118,1880_07
#1127,1880_07
#10419,1880_07
#1249,1880_07
#5917,1880_07
#3900,1880_07
#10543,1880_07
#6708,1880_07
#1079,1880_07
#10583,1880_07
#6243,1880_08
#10358,1880_08
#10360,1880_08
#1127,1880_08
#10419,1880_08
#1249,1880_08
#10467,1880_08
#10532,1880_08
#6708,1880_08
#1079,1880_08
#1161,1880_09
#10303,1880_09
#6243,1880_09
#11947,1880_09
#10349,1880_09
#11949,1880_09
#11950,1880_09
#10360,1880_09
#1127,1880_09
#7427,1880_09
#1249,1880_09
#10541,1880_09
#6708,1880_09
#10567,1880_09
#1161,1880_10
#10303,1880_10
#10349,1880_10
#11949,1880_10
#11950,1880_10
#10351,1880_10
#10360,1880_10
#1127,1880_10
#6708,1880_10
#1079,1880_10
#10351,1880_11
#10358,1880_11
#10360,1880_11
#1127,1880_11
#10543,1880_11
#6708,1880_11
#12197,1880_11
#10351,1880_12
#3673,1880_12
#10358,1880_12
#1127,1880_12
#10426,1880_12
#1171,1880_12
#10543,1880_12
#6708,1880_12
#12197,1880_12
#10351,1880_13
#10358,1880_13
#1127,1880_13
#1171,1880_13
#10543,1880_13
#6708,1880_13
#10351,1880_14
#10360,1880_14
#6118,1880_14
#1127,1880_14
#10543,1880_14
#6708,1880_14
#12197,1880_14
#10336,1880_15
#10351,1880_15
#3673,1880_15
#10358,1880_15
#10360,1880_15
#1127,1880_15
#10426,1880_15
#1171,1880_15
#10543,1880_15
#6708,1880_15
#1153,1880_16
#463,1880_16
#12203,1880_16
#10351,1880_16
#3673,1880_16
#12202,1880_16
#10360,1880_16
#1127,1880_16
#1171,1880_16
#1072,1880_16
#10543,1880_16
#6708,1880_16
#12197,1880_16
#1079,1880_16
#10303,1880_17
#6243,1880_17
#10351,1880_17
#10357,1880_17
#10358,1880_17
#1127,1880_17
#1267,1880_17
#1086,1880_17
#8316,1880_17
#6041,1880_17
#6708,1880_17
#12197,1880_17
#1079,1880_17
#1986,1880_18
#10303,1880_18
#6243,1880_18
#10351,1880_18
#10357,1880_18
#10358,1880_18
#10360,1880_18
#1127,1880_18
#6041,1880_18
#10543,1880_18
#6708,1880_18
#12197,1880_18
#1079,1880_18
#10303,1880_19
#6243,1880_19
#10351,1880_19
#10358,1880_19
#10360,1880_19
#1127,1880_19
#10426,1880_19
#6708,1880_19
#12197,1880_19
#1079,1880_19
#463,1881_01
#3673,1881_01
#12202,1881_01
#10358,1881_01
#10360,1881_01
#1127,1881_01
#6242,1881_01
#1171,1881_01
#10543,1881_01
#6708,1881_01
#12197,1881_01
#286,1881_01
#10351,1881_02
#3673,1881_02
#12202,1881_02
#10360,1881_02
#1127,1881_02
#6242,1881_02
#1171,1881_02
#10543,1881_02
#6708,1881_02
#12197,1881_02
#286,1881_02
#12199,1881_03
#6243,1881_03
#10358,1881_03
#1127,1881_03
#11826,1881_03
#5917,1881_03
#10523,1881_03
#10543,1881_03
#6708,1881_03
#12197,1881_03
#12198,1881_03
#1079,1881_03
#10303,1881_04
#6243,1881_04
#10349,1881_04
#10351,1881_04
#10358,1881_04
#1127,1881_04
#5917,1881_04
#10523,1881_04
#6708,1881_04
#1079,1881_04
#1127,1881_05
#10449,1881_05
#6708,1881_05
#10548,1881_05
#1127,1881_06
#10449,1881_06
#10543,1881_06
#6708,1881_06
#12197,1881_06
#10548,1881_06
#9825,1881_07
#1341,1881_07
#640,1881_07
#163,1881_07
#2164,1881_07
#1136,1881_07
#10358,1881_07
#1127,1881_07
#1291,1881_07
#6708,1881_07
#12197,1881_07
#163,1881_08
#2164,1881_08
#10349,1881_08
#11949,1881_08
#10351,1881_08
#1127,1881_08
#1291,1881_08
#10543,1881_08
#6708,1881_08
#12197,1881_08
#1428,1881_09
#10349,1881_09
#10351,1881_09
#1127,1881_09
#2389,1881_09
#6708,1881_09
#12197,1881_09
#10351,1881_10
#1127,1881_10
#3082,1881_10
#8316,1881_10
#6708,1881_10
#12197,1881_10
#10548,1881_10
#2991,1881_10
#10351,1881_11
#10358,1881_11
#10360,1881_11
#1127,1881_11
#10543,1881_11
#6708,1881_11
#12197,1881_11
#10548,1881_11
#10351,1881_12
#10358,1881_12
#1127,1881_12
#10426,1881_12
#10522,1881_12
#10541,1881_12
#10543,1881_12
#6708,1881_12
#12197,1881_12
#10548,1881_12
#10351,1881_13
#10358,1881_13
#1127,1881_13
#10543,1881_13
#6708,1881_13
#12197,1881_13
#10351,1881_14
#1127,1881_14
#1086,1881_14
#10543,1881_14
#6708,1881_14
#2416,1882_01
#3372,1882_01
#10351,1882_01
#10360,1882_01
#1127,1882_01
#5377,1882_01
#4978,1882_01
#8316,1882_01
#1169,1882_01
#10543,1882_01
#6708,1882_01
#12197,1882_01
#10358,1882_02
#1127,1882_02
#6708,1882_02
#12197,1882_02
#10548,1882_02
#10351,1882_03
#10358,1882_03
#1127,1882_03
#10543,1882_03
#6708,1882_03
#12197,1882_03
#1163,1882_04
#2091,1882_04
#10349,1882_04
#11949,1882_04
#11950,1882_04
#10351,1882_04
#10358,1882_04
#1127,1882_04
#10396,1882_04
#10398,1882_04
#5917,1882_04
#6708,1882_04
#12197,1882_04
#1079,1882_04
#1127,1882_05
#10368,1882_05
#6708,1882_05
#12197,1882_05
#4522,1882_06
#12204,1882_06
#6243,1882_06
#10349,1882_06
#11949,1882_06
#11950,1882_06
#10351,1882_06
#10360,1882_06
#1127,1882_06
#12205,1882_06
#10530,1882_06
#10543,1882_06
#6708,1882_06
#12197,1882_06
#6243,1883_01
#10349,1883_01
#11949,1883_01
#11950,1883_01
#10351,1883_01
#10360,1883_01
#1127,1883_01
#6708,1883_01
#10299,1883_02
#6243,1883_02
#10351,1883_02
#10358,1883_02
#1127,1883_02
#1086,1883_02
#10543,1883_02
#6708,1883_02
#12197,1883_02
#1079,1883_02
#3772,1883_03
#6243,1883_03
#88,1883_03
#10358,1883_03
#1127,1883_03
#4978,1883_03
#1086,1883_03
#1078,1883_03
#421,1883_03
#10543,1883_03
#6708,1883_03
#12197,1883_03
#2480,1883_03
#10349,1883_04
#11949,1883_04
#11950,1883_04
#10351,1883_04
#10358,1883_04
#1127,1883_04
#1267,1883_04
#1080,1883_04
#10446,1883_04
#10539,1883_04
#6708,1883_04
#12197,1883_04
#4490,1883_04
#286,1883_04
#10349,1883_05
#11949,1883_05
#11950,1883_05
#10351,1883_05
#10358,1883_05
#1127,1883_05
#1086,1883_05
#6708,1883_05
#12197,1883_05
#5445,1884_01
#10326,1884_01
#10351,1884_01
#10358,1884_01
#10360,1884_01
#1127,1884_01
#6708,1884_01
#12197,1884_01
#1127,1884_02
#10543,1884_02
#6708,1884_02
#12197,1884_02
#10351,1884_03
#1127,1884_03
#1086,1884_03
#6708,1884_03
#10351,1884_04
#10358,1884_04
#1127,1884_04
#6708,1884_04
#12197,1884_04
#1127,1884_05
#6708,1884_05
#5075,1884_06
#10299,1884_06
#6243,1884_06
#10351,1884_06
#10358,1884_06
#1127,1884_06
#6708,1884_06
#12197,1884_06
#1079,1884_06
#2850,1884_07
#1301,1884_07
#10349,1884_07
#11949,1884_07
#11950,1884_07
#10351,1884_07
#3673,1884_07
#10358,1884_07
#1127,1884_07
#10426,1884_07
#12206,1884_07
#5917,1884_07
#10543,1884_07
#6708,1884_07
#12197,1884_07
#10560,1884_07
#2480,1884_07
#1301,1884_08
#10349,1884_08
#11949,1884_08
#11950,1884_08
#10351,1884_08
#3673,1884_08
#10358,1884_08
#1127,1884_08
#6708,1884_08
#12197,1884_08
#10560,1884_08
#1079,1884_08
#2850,1884_09
#5445,1884_09
#10349,1884_09
#11949,1884_09
#11950,1884_09
#10351,1884_09
#3673,1884_09
#1127,1884_09
#10482,1884_09
#10543,1884_09
#6708,1884_09
#12197,1884_09
#1428,1884_10
#5075,1884_10
#5508,1884_10
#10351,1884_10
#10358,1884_10
#10360,1884_10
#1127,1884_10
#5602,1884_10
#10483,1884_10
#2393,1884_10
#10543,1884_10
#6708,1884_10
#12197,1884_10
#10064,1884_10
#4490,1884_10
#6750,1884_10
#1238,1884_10
#1163,1884_11
#11950,1884_11
#10351,1884_11
#1127,1884_11
#1080,1884_11
#6431,1884_11
#10543,1884_11
#6708,1884_11
#12197,1884_11
#1163,1884_12
#10349,1884_12
#11949,1884_12
#11950,1884_12
#10351,1884_12
#10358,1884_12
#1127,1884_12
#2090,1884_12
#10543,1884_12
#6708,1884_12
#12197,1884_12
#1079,1884_12
#10351,1884_13
#1127,1884_13
#6708,1884_13
#12197,1884_13
#11949,1885_01
#10358,1885_01
#1127,1885_01
#10543,1885_01
#6708,1885_01
#12197,1885_01
#10276,1885_02
#10299,1885_02
#10349,1885_02
#11949,1885_02
#11950,1885_02
#10351,1885_02
#10358,1885_02
#1127,1885_02
#6427,1885_02
#11826,1885_02
#5917,1885_02
#6708,1885_02
#12197,1885_02
#1079,1885_02
#10349,1885_03
#11949,1885_03
#11950,1885_03
#10351,1885_03
#1127,1885_03
#1216,1885_03
#10413,1885_03
#81,1885_03
#12207,1885_03
#10543,1885_03
#6708,1885_03
#12197,1885_03
#1284,1885_03
#12208,1886_01
#3379,1886_01
#10349,1886_01
#11949,1886_01
#11950,1886_01
#10358,1886_01
#1127,1886_01
#1216,1886_01
#10422,1886_01
#12201,1886_01
#3925,1886_01
#10543,1886_01
#6708,1886_01
#3379,1886_02
#10349,1886_02
#11949,1886_02
#11950,1886_02
#10351,1886_02
#1127,1886_02
#10543,1886_02
#6708,1886_02
#12197,1886_02
#10548,1886_02
#10351,1886_03
#10358,1886_03
#1127,1886_03
#10539,1886_03
#6708,1886_03
#12197,1886_03
#286,1886_03
#640,1886_04
#10351,1886_04
#1127,1886_04
#10449,1886_04
#10539,1886_04
#6708,1886_04
#12197,1886_04
#640,1886_05
#10351,1886_05
#1127,1886_05
#10539,1886_05
#6708,1886_05
#12197,1886_05
#1504,1886_06
#10270,1886_06
#10301,1886_06
#10340,1886_06
#10349,1886_06
#11949,1886_06
#11950,1886_06
#10351,1886_06
#1127,1886_06
#11826,1886_06
#1080,1886_06
#10451,1886_06
#1171,1886_06
#10539,1886_06
#10540,1886_06
#10542,1886_06
#10543,1886_06
#6708,1886_06
#11799,1886_06
#10563,1886_06
#286,1886_06
#1127,1887_01
#10422,1887_01
#6708,1887_01
#12197,1887_01
#1238,1887_01
#5508,1887_02
#10351,1887_02
#10358,1887_02
#1127,1887_02
#10422,1887_02
#10543,1887_02
#6708,1887_02
#12197,1887_02
#1238,1887_02
#10349,1887_03
#10358,1887_03
#1127,1887_03
#12209,1887_03
#6708,1887_03
#12197,1887_03
#10351,1887_04
#10358,1887_04
#1127,1887_04
#10543,1887_04
#6708,1887_04
#12197,1887_04
#10351,1887_05
#1127,1887_05
#6708,1887_05
#12197,1887_05
#1127,1887_06
#2106,1887_06
#10543,1887_06
#6708,1887_06
#12197,1887_06
#10351,1887_07
#1127,1887_07
#10447,1887_07
#10446,1887_07
#12210,1887_07
#10543,1887_07
#6708,1887_07
#12197,1887_07
#10358,1887_08
#1127,1887_08
#10447,1887_08
#12210,1887_08
#10543,1887_08
#6708,1887_08
#12197,1887_08
#10351,1887_09
#10358,1887_09
#1127,1887_09
#10539,1887_09
#10540,1887_09
#10541,1887_09
#10543,1887_09
#6708,1887_09
#286,1887_09
#10349,1888_01
#11949,1888_01
#11950,1888_01
#10351,1888_01
#10358,1888_01
#10360,1888_01
#1127,1888_01
#10422,1888_01
#10539,1888_01
#10540,1888_01
#10541,1888_01
#10542,1888_01
#6708,1888_01
#12197,1888_01
#2480,1888_01
#10349,1888_02
#11949,1888_02
#11950,1888_02
#10351,1888_02
#10358,1888_02
#1127,1888_02
#6708,1888_02
#10573,1888_02
#2480,1888_02
#1127,1888_03
#6708,1888_03
#10358,1888_04
#1127,1888_04
#10543,1888_04
#6708,1888_04
#12197,1888_04
#5075,1888_05
#2453,1888_05
#163,1888_05
#10349,1888_05
#11949,1888_05
#11950,1888_05
#10351,1888_05
#10358,1888_05
#7791,1888_05
#1127,1888_05
#10422,1888_05
#515,1888_05
#10541,1888_05
#10543,1888_05
#6708,1888_05
#12197,1888_05
#10548,1888_05
#1147,1888_05
#10349,1888_06
#11949,1888_06
#11950,1888_06
#10351,1888_06
#1127,1888_06
#10541,1888_06
#10543,1888_06
#6708,1888_06
#12197,1888_06
#163,1888_07
#10351,1888_07
#10358,1888_07
#7791,1888_07
#2917,1888_07
#1127,1888_07
#10543,1888_07
#6708,1888_07
#12197,1888_07
#10351,1889_01
#7791,1889_01
#1127,1889_01
#10541,1889_01
#10543,1889_01
#6708,1889_01
#7791,1889_02
#1127,1889_02
#10541,1889_02
#6708,1889_02
#10349,1889_03
#11949,1889_03
#11950,1889_03
#10351,1889_03
#1127,1889_03
#6708,1889_03
#10278,1889_04
#5445,1889_04
#10358,1889_04
#1127,1889_04
#7009,1889_04
#12211,1889_04
#84,1889_04
#10455,1889_04
#2106,1889_04
#10543,1889_04
#6708,1889_04
#1284,1889_04
#2006,1889_04
#10351,1889_05
#10358,1889_05
#1127,1889_05
#10543,1889_05
#6708,1889_05
#12197,1889_05
#10349,1889_06
#11949,1889_06
#10351,1889_06
#10358,1889_06
#1127,1889_06
#12211,1889_06
#10417,1889_06
#10543,1889_06
#6708,1889_06
#12197,1889_06
#10307,1890_01
#1163,1890_01
#10349,1890_01
#11949,1890_01
#10351,1890_01
#10358,1890_01
#1127,1890_01
#12211,1890_01
#10417,1890_01
#10543,1890_01
#6708,1890_01
#12197,1890_01
#10351,1890_02
#10360,1890_02
#1127,1890_02
#10543,1890_02
#6708,1890_02
#12197,1890_02
#1127,1890_03
#10368,1890_03
#8529,1890_03
#10543,1890_03
#6708,1890_03
#12197,1890_03
#10307,1890_04
#1116,1890_04
#10351,1890_04
#10358,1890_04
#1127,1890_04
#8529,1890_04
#10543,1890_04
#6708,1890_04
#12197,1890_04
#286,1890_04
#1238,1890_04
#1127,1890_05
#6708,1890_05
#12197,1890_05
#12212,1890_06
#10349,1890_06
#11949,1890_06
#10351,1890_06
#10358,1890_06
#1127,1890_06
#10368,1890_06
#10394,1890_06
#8312,1890_06
#10543,1890_06
#6708,1890_06
#12197,1890_06
#7494,1890_06
#11949,1891_01
#10358,1891_01
#1127,1891_01
#10394,1891_01
#8581,1891_01
#10543,1891_01
#6708,1891_01
#12197,1891_01
#12213,1891_02
#10349,1891_02
#11949,1891_02
#10351,1891_02
#10358,1891_02
#1127,1891_02
#10368,1891_02
#10394,1891_02
#10417,1891_02
#10483,1891_02
#8581,1891_02
#6708,1891_02
#12197,1891_02
#1986,1891_03
#10322,1891_03
#10351,1891_03
#10358,1891_03
#1127,1891_03
#10394,1891_03
#10543,1891_03
#6708,1891_03
#12197,1891_03
#1147,1891_03
#1238,1891_03
#1079,1891_03
#11949,1891_04
#11950,1891_04
#10351,1891_04
#10358,1891_04
#1127,1891_04
#10394,1891_04
#1086,1891_04
#10543,1891_04
#6708,1891_04
#12197,1891_04
#10569,1891_04
#11940,1891_04
#10322,1891_05
#10349,1891_05
#11949,1891_05
#10351,1891_05
#1127,1891_05
#6708,1891_05
#12197,1891_05
#1079,1891_05
#10349,1892_01
#11949,1892_01
#2033,1892_01
#10358,1892_01
#1127,1892_01
#1086,1892_01
#10543,1892_01
#6708,1892_01
#12197,1892_01
#1079,1892_01
#5445,1892_02
#1116,1892_02
#10349,1892_02
#11949,1892_02
#2033,1892_02
#10358,1892_02
#1127,1892_02
#1086,1892_02
#11820,1892_02
#3352,1892_02
#10539,1892_02
#10540,1892_02
#10542,1892_02
#10543,1892_02
#6708,1892_02
#12197,1892_02
#2088,1892_02
#286,1892_02
#1079,1892_02
#10358,1892_03
#1127,1892_03
#10403,1892_03
#10543,1892_03
#6708,1892_03
#12197,1892_03
#286,1892_03
#10349,1892_04
#10351,1892_04
#10358,1892_04
#1127,1892_04
#10403,1892_04
#1086,1892_04
#10543,1892_04
#6708,1892_04
#12197,1892_04
#10349,1892_05
#10351,1892_05
#1127,1892_05
#10543,1892_05
#6708,1892_05
#12197,1892_05
#10349,1893_01
#11949,1893_01
#10351,1893_01
#1127,1893_01
#10543,1893_01
#6708,1893_01
#12197,1893_01
#4490,1893_01
#10349,1893_02
#11949,1893_02
#10351,1893_02
#1127,1893_02
#10543,1893_02
#6708,1893_02
#12197,1893_02
#10349,1894_01
#11949,1894_01
#10351,1894_01
#2033,1894_01
#7791,1894_01
#1127,1894_01
#11826,1894_01
#10441,1894_01
#6708,1894_01
#12197,1894_01
#10565,1894_01
#5075,1894_02
#10349,1894_02
#11949,1894_02
#10351,1894_02
#2033,1894_02
#10358,1894_02
#7791,1894_02
#1127,1894_02
#11638,1894_02
#10539,1894_02
#10543,1894_02
#6708,1894_02
#12197,1894_02
#286,1894_02
#7494,1894_02
#10349,1894_03
#11949,1894_03
#10351,1894_03
#1232,1894_03
#10358,1894_03
#1127,1894_03
#1216,1894_03
#12214,1894_03
#1086,1894_03
#10539,1894_03
#10543,1894_03
#6708,1894_03
#12197,1894_03
#286,1894_03
#7494,1894_03
#12215,1894_03
#10307,1894_04
#10351,1894_04
#1127,1894_04
#1216,1894_04
#2218,1894_04
#1086,1894_04
#10543,1894_04
#6708,1894_04
#12197,1894_04
#10349,1894_05
#11949,1894_05
#10351,1894_05
#1127,1894_05
#10543,1894_05
#6708,1894_05
#12197,1894_05
#10569,1894_05
#11949,1894_06
#11950,1894_06
#10351,1894_06
#10358,1894_06
#1127,1894_06
#10543,1894_06
#6708,1894_06
#12197,1894_06
#286,1894_06
#10358,1895_01
#1127,1895_01
#10543,1895_01
#6708,1895_01
#10349,1895_02
#11949,1895_02
#10351,1895_02
#10358,1895_02
#1127,1895_02
#10543,1895_02
#6708,1895_02
#12197,1895_02
#7494,1895_02
#10349,1895_03
#11949,1895_03
#10358,1895_03
#1127,1895_03
#10543,1895_03
#6708,1895_03
#12197,1895_03
#10349,1896_01
#10351,1896_01
#7791,1896_01
#1127,1896_01
#10368,1896_01
#6708,1896_01
#12197,1896_01
#7494,1896_01
#10297,1896_02
#640,1896_02
#2455,1896_02
#10349,1896_02
#1430,1896_02
#12216,1896_02
#1127,1896_02
#1505,1896_02
#11826,1896_02
#10503,1896_02
#515,1896_02
#6708,1896_02
#12197,1896_02
#7494,1896_02
#10297,1896_03
#640,1896_03
#1089,1896_03
#2455,1896_03
#10349,1896_03
#11949,1896_03
#10358,1896_03
#1127,1896_03
#11826,1896_03
#1063,1896_03
#515,1896_03
#10543,1896_03
#6708,1896_03
#12197,1896_03
#7494,1896_03
#5075,1896_04
#1089,1896_04
#1127,1896_04
#11826,1896_04
#2106,1896_04
#6708,1896_04
#12217,1896_04
#10569,1896_04
#7494,1896_04
#10349,1896_05
#11949,1896_05
#10351,1896_05
#1127,1896_05
#5917,1896_05
#10543,1896_05
#6708,1896_05
#10358,1896_06
#1127,1896_06
#10543,1896_06
#6708,1896_06
#10349,1896_07
#10351,1896_07
#10358,1896_07
#1127,1896_07
#12218,1896_07
#11826,1896_07
#5917,1896_07
#10543,1896_07
#6708,1896_07
#12197,1896_07
#10349,1896_08
#10351,1896_08
#1127,1896_08
#12218,1896_08
#10543,1896_08
#6708,1896_08
#10349,1896_09
#1127,1896_09
#5917,1896_09
#10543,1896_09
#6708,1896_09
#12197,1896_09
#10351,1896_10
#10358,1896_10
#1127,1896_10
#10543,1896_10
#6708,1896_10
#12239,1896_10
#12240,1896_10
#1079,1896_10
#1163,1896_11
#1116,1896_11
#10349,1896_11
#10351,1896_11
#10358,1896_11
#7791,1896_11
#1127,1896_11
#10368,1896_11
#10417,1896_11
#4810,1896_11
#11826,1896_11
#5917,1896_11
#10490,1896_11
#10503,1896_11
#10507,1896_11
#3442,1896_11
#10543,1896_11
#6708,1896_11
#12197,1896_11
#7494,1896_11
#10349,1896_12
#1127,1896_12
#12211,1896_12
#10417,1896_12
#11826,1896_12
#10503,1896_12
#10543,1896_12
#6708,1896_12
#12197,1896_12
#5445,1897_01
#10336,1897_01
#10349,1897_01
#10351,1897_01
#10358,1897_01
#1127,1897_01
#10540,1897_01
#10542,1897_01
#10543,1897_01
#6708,1897_01
#12197,1897_01
#286,1897_01
#10351,1897_02
#10358,1897_02
#1127,1897_02
#5917,1897_02
#10543,1897_02
#6708,1897_02
#12197,1897_02
#5307,1898_01
#3372,1898_01
#10349,1898_01
#10351,1898_01
#10358,1898_01
#1127,1898_01
#7427,1898_01
#1086,1898_01
#5917,1898_01
#3079,1898_01
#10543,1898_01
#6708,1898_01
#12197,1898_01
#4657,1898_01
#5307,1898_02
#10349,1898_02
#10351,1898_02
#10358,1898_02
#1127,1898_02
#5917,1898_02
#6708,1898_02
#12197,1898_02
#12241,1898_02
#4399,1898_03
#2314,1898_03
#640,1898_03
#10349,1898_03
#2033,1898_03
#10362,1898_03
#1127,1898_03
#8312,1898_03
#1216,1898_03
#7427,1898_03
#5579,1898_03
#5917,1898_03
#8343,1898_03
#10543,1898_03
#6708,1898_03
#10557,1898_03
#10344,1898_04
#10351,1898_04
#1127,1898_04
#10543,1898_04
#6708,1898_04
#12197,1898_04
#2480,1898_04
#5445,1898_05
#10349,1898_05
#10351,1898_05
#10358,1898_05
#1127,1898_05
#10449,1898_05
#1086,1898_05
#2106,1898_05
#10543,1898_05
#6708,1898_05
#12197,1898_05
#1079,1898_05
#290,1898_06
#10349,1898_06
#10351,1898_06
#1127,1898_06
#12209,1898_06
#6708,1898_06
#12197,1898_06
#2101,1898_06
#10349,1898_07
#10351,1898_07
#10358,1898_07
#1127,1898_07
#11820,1898_07
#8316,1898_07
#10542,1898_07
#10543,1898_07
#6708,1898_07
#12197,1898_07
#286,1898_07
#10351,1899_01
#10358,1899_01
#1127,1899_01
#8316,1899_01
#1336,1899_01
#10536,1899_01
#6708,1899_01
#12197,1899_01
#286,1899_01
#10351,1899_02
#10358,1899_02
#1127,1899_02
#10543,1899_02
#6708,1899_02
#12197,1899_02
#286,1899_02
#10351,1899_03
#10358,1899_03
#1127,1899_03
#1080,1899_03
#6708,1899_03
#42,1899_03
#10351,1899_04
#10358,1899_04
#1127,1899_04
#10543,1899_04
#6708,1899_04
#12197,1899_04
#42,1899_04
#290,1899_05
#10349,1899_05
#10351,1899_05
#10358,1899_05
#12242,1899_05
#10347,1899_05
#1127,1899_05
#10543,1899_05
#6708,1899_05
#12197,1899_05
#2088,1899_05
#1127,1900_01
#10543,1900_01
#6708,1900_01
#12197,1900_01
#286,1900_01
#10349,1900_02
#10351,1900_02
#1127,1900_02
#10542,1900_02
#10543,1900_02
#6708,1900_02
#1127,1900_03
#10543,1900_03
#6708,1900_03
#12197,1900_03
#42,1900_03
#286,1900_03
#10349,1900_04
#10351,1900_04
#1127,1900_04
#4267,1900_04
#10542,1900_04
#10543,1900_04
#6708,1900_04
#12197,1900_04
#42,1900_04
#286,1900_04
#10349,1901_01
#10351,1901_01
#10358,1901_01
#1127,1901_01
#10543,1901_01
#6708,1901_01
#12197,1901_01
#42,1901_01
#10358,1901_02
#1127,1901_02
#10543,1901_02
#6708,1901_02
#12197,1901_02
#6243,1901_03
#10351,1901_03
#1127,1901_03
#10543,1901_03
#6708,1901_03
#12197,1901_03
#286,1901_03
#10349,1901_04
#10351,1901_04
#1127,1901_04
#12604,1901_04
#10543,1901_04
#6708,1901_04
#12197,1901_04
#1127,1901_05
#12211,1901_05
#10543,1901_05
#6708,1901_05
#10349,1901_06
#1127,1901_06
#10536,1901_06
#10543,1901_06
#6708,1901_06
#12197,1901_06
#10569,1901_06
#1127,1901_07
#6708,1901_07
#10349,1901_08
#10351,1901_08
#1127,1901_08
#10543,1901_08
#6708,1901_08
#12197,1901_08
#10351,1902_01
#1127,1902_01
#10368,1902_01
#10543,1902_01
#12197,1902_01
